<?xml version="1.0" encoding="UTF-8"?>
<gpx creator="StravaGPX" version="1.1" xmlns="http://www.topografix.com/GPX/1/1" xmlns:xsi="http://www.w3.org/2001/XMLSchema-instance" xsi:schemaLocation="http://www.topografix.com/GPX/1/1 http://www.topografix.com/GPX/1/1/gpx.xsd">
 <metadata>
  <name>Bolivar, MO - 100k Country Days Ride (Official)</name>
  <desc>This is a route that is actively being worked on for the 2nd annual Country Days ride.</desc>
  <author>
   <name>Kyndle Katzer</name>
   <link href="https://www.strava.com/athletes/10134001"/>
  </author>
  <copyright author="OpenStreetMap contributors">
   <year>2020</year>
   <license>https://www.openstreetmap.org/copyright</license>
  </copyright>
  <link href="https://www.strava.com/routes/3203046025833049414"/>
 </metadata>
 <trk>
  <name>Bolivar, MO - 100k Country Days Ride (Official)</name>
  <desc>This is a route that is actively being worked on for the 2nd annual Country Days ride.</desc>
  <link href="https://www.strava.com/routes/3203046025833049414"/>
  <type>cycling</type>
  <trkseg>
   <trkpt lat="37.615860000000005" lon="-93.41161000000001">
    <ele>325.39</ele>
   </trkpt>
   <trkpt lat="37.61506000061158" lon="-93.41121999578948">
    <ele>323.73</ele>
   </trkpt>
   <trkpt lat="37.61426" lon="-93.41083">
    <ele>322.6</ele>
   </trkpt>
   <trkpt lat="37.614545003128434" lon="-93.40996000353293">
    <ele>320.90000000000003</ele>
   </trkpt>
   <trkpt lat="37.614830000000005" lon="-93.40909">
    <ele>321.65000000000003</ele>
   </trkpt>
   <trkpt lat="37.614060000631746" lon="-93.40871499613571">
    <ele>317.85</ele>
   </trkpt>
   <trkpt lat="37.613290000000006" lon="-93.40834000000001">
    <ele>313.97</ele>
   </trkpt>
   <trkpt lat="37.61328" lon="-93.40834000000001">
    <ele>313.97</ele>
   </trkpt>
   <trkpt lat="37.61263" lon="-93.40802000000001">
    <ele>311.99000000000007</ele>
   </trkpt>
   <trkpt lat="37.612030000000004" lon="-93.40778">
    <ele>311.61</ele>
   </trkpt>
   <trkpt lat="37.61187" lon="-93.40778">
    <ele>311.75</ele>
   </trkpt>
   <trkpt lat="37.611880000000006" lon="-93.40778">
    <ele>311.61</ele>
   </trkpt>
   <trkpt lat="37.611885002067126" lon="-93.40708000007481">
    <ele>312.67</ele>
   </trkpt>
   <trkpt lat="37.61189" lon="-93.40638000000001">
    <ele>316.41</ele>
   </trkpt>
   <trkpt lat="37.611875002216884" lon="-93.40565499981813">
    <ele>315.87000000000006</ele>
   </trkpt>
   <trkpt lat="37.61186" lon="-93.40493000000001">
    <ele>318.12</ele>
   </trkpt>
   <trkpt lat="37.611850000000004" lon="-93.40493000000001">
    <ele>318.17</ele>
   </trkpt>
   <trkpt lat="37.611299999907054" lon="-93.4049450001135">
    <ele>319.38000000000005</ele>
   </trkpt>
   <trkpt lat="37.61075" lon="-93.40496">
    <ele>322.51</ele>
   </trkpt>
   <trkpt lat="37.60993333328749" lon="-93.40496000000002">
    <ele>327.78000000000003</ele>
   </trkpt>
   <trkpt lat="37.60911666657498" lon="-93.40496000000002">
    <ele>327.49</ele>
   </trkpt>
   <trkpt lat="37.6083" lon="-93.40496">
    <ele>325.25000000000006</ele>
   </trkpt>
   <trkpt lat="37.608290000000004" lon="-93.40498000000001">
    <ele>325.26000000000005</ele>
   </trkpt>
   <trkpt lat="37.60827801694323" lon="-93.40397799936353">
    <ele>322.77</ele>
   </trkpt>
   <trkpt lat="37.608266025414906" lon="-93.40297599905006">
    <ele>318.21999999999997</ele>
   </trkpt>
   <trkpt lat="37.60825402541502" lon="-93.40197399905975">
    <ele>315.95</ele>
   </trkpt>
   <trkpt lat="37.60824201694359" lon="-93.40097199939291">
    <ele>315.08000000000004</ele>
   </trkpt>
   <trkpt lat="37.608230000000006" lon="-93.39997000000001">
    <ele>314.40000000000003</ele>
   </trkpt>
   <trkpt lat="37.60820333825132" lon="-93.39920666616203">
    <ele>313.45</ele>
   </trkpt>
   <trkpt lat="37.60817667158614" lon="-93.39844333287137">
    <ele>309.73</ele>
   </trkpt>
   <trkpt lat="37.60815" lon="-93.39768000000001">
    <ele>307.51</ele>
   </trkpt>
   <trkpt lat="37.60813250974507" lon="-93.39680249934955">
    <ele>307.67</ele>
   </trkpt>
   <trkpt lat="37.60811501299301" lon="-93.39592499911188">
    <ele>311.84</ele>
   </trkpt>
   <trkpt lat="37.60809750974382" lon="-93.39504749928713">
    <ele>317.97</ele>
   </trkpt>
   <trkpt lat="37.60808" lon="-93.39417">
    <ele>323.89</ele>
   </trkpt>
   <trkpt lat="37.607980000000005" lon="-93.39386">
    <ele>323.13</ele>
   </trkpt>
   <trkpt lat="37.60795334360667" lon="-93.39275666594514">
    <ele>320.92</ele>
   </trkpt>
   <trkpt lat="37.60792667694167" lon="-93.39165333268132">
    <ele>323.61</ele>
   </trkpt>
   <trkpt lat="37.6079" lon="-93.39055">
    <ele>326.76000000000005</ele>
   </trkpt>
   <trkpt lat="37.607890000000005" lon="-93.39055">
    <ele>326.77</ele>
   </trkpt>
   <trkpt lat="37.60715000001172" lon="-93.39061000119537">
    <ele>326.66</ele>
   </trkpt>
   <trkpt lat="37.60640999999305" lon="-93.39067000119687">
    <ele>326.02000000000004</ele>
   </trkpt>
   <trkpt lat="37.60567" lon="-93.39073">
    <ele>324.77</ele>
   </trkpt>
   <trkpt lat="37.604980000000005" lon="-93.39075000000001">
    <ele>323.69000000000005</ele>
   </trkpt>
   <trkpt lat="37.604470000000006" lon="-93.39078">
    <ele>322.70000000000005</ele>
   </trkpt>
   <trkpt lat="37.60386000006985" lon="-93.39074999975725">
    <ele>321.84000000000003</ele>
   </trkpt>
   <trkpt lat="37.60325" lon="-93.39072">
    <ele>322.15000000000003</ele>
   </trkpt>
   <trkpt lat="37.60237333335161" lon="-93.39075000176761">
    <ele>323.58000000000004</ele>
   </trkpt>
   <trkpt lat="37.60149666669562" lon="-93.39078000282812">
    <ele>325.65000000000003</ele>
   </trkpt>
   <trkpt lat="37.60062000003203" lon="-93.3908100031816">
    <ele>326.09000000000003</ele>
   </trkpt>
   <trkpt lat="37.599743333360856" lon="-93.39084000282807">
    <ele>326.08000000000004</ele>
   </trkpt>
   <trkpt lat="37.59886666668208" lon="-93.39087000176757">
    <ele>324.99</ele>
   </trkpt>
   <trkpt lat="37.59799" lon="-93.3909">
    <ele>326.15000000000003</ele>
   </trkpt>
   <trkpt lat="37.59736" lon="-93.39096">
    <ele>328.07</ele>
   </trkpt>
   <trkpt lat="37.597030000000004" lon="-93.39097000000001">
    <ele>328.43</ele>
   </trkpt>
   <trkpt lat="37.59704" lon="-93.39097000000001">
    <ele>328.43</ele>
   </trkpt>
   <trkpt lat="37.59641000001156" lon="-93.39100000025363">
    <ele>326.56</ele>
   </trkpt>
   <trkpt lat="37.595780000000005" lon="-93.39103">
    <ele>324.81000000000006</ele>
   </trkpt>
   <trkpt lat="37.59491857144055" lon="-93.39105285873043">
    <ele>324.74</ele>
   </trkpt>
   <trkpt lat="37.59405714287667" lon="-93.39107571693164">
    <ele>328.47</ele>
   </trkpt>
   <trkpt lat="37.59319571430841" lon="-93.39109857460363">
    <ele>325.96000000000004</ele>
   </trkpt>
   <trkpt lat="37.592334285735724" lon="-93.39112143174647">
    <ele>324.39</ele>
   </trkpt>
   <trkpt lat="37.591472857158635" lon="-93.39114428836017">
    <ele>325.94</ele>
   </trkpt>
   <trkpt lat="37.590611428577134" lon="-93.39116714444474">
    <ele>328.81000000000006</ele>
   </trkpt>
   <trkpt lat="37.58975" lon="-93.39119000000001">
    <ele>327.46000000000004</ele>
   </trkpt>
   <trkpt lat="37.58975" lon="-93.39118">
    <ele>327.39</ele>
   </trkpt>
   <trkpt lat="37.58972401503522" lon="-93.39023599865904">
    <ele>322.63</ele>
   </trkpt>
   <trkpt lat="37.589698022552525" lon="-93.38929199797732">
    <ele>321.15000000000003</ele>
   </trkpt>
   <trkpt lat="37.58967202255191" lon="-93.38834799795505">
    <ele>322.65999999999997</ele>
   </trkpt>
   <trkpt lat="37.58964601503338" lon="-93.38740399859243">
    <ele>326.28000000000003</ele>
   </trkpt>
   <trkpt lat="37.589620000000004" lon="-93.38646000000001">
    <ele>327.49</ele>
   </trkpt>
   <trkpt lat="37.589592536462035" lon="-93.38534874711334">
    <ele>327.34000000000003</ele>
   </trkpt>
   <trkpt lat="37.5895650625062" lon="-93.38423749504689">
    <ele>329.38</ele>
   </trkpt>
   <trkpt lat="37.589537578132536" lon="-93.38312624380103">
    <ele>326.89</ele>
   </trkpt>
   <trkpt lat="37.589510083341054" lon="-93.38201499337602">
    <ele>324.22</ele>
   </trkpt>
   <trkpt lat="37.58948257813177" lon="-93.38090374377218">
    <ele>323.68</ele>
   </trkpt>
   <trkpt lat="37.589455062504705" lon="-93.37979249498981">
    <ele>325.12</ele>
   </trkpt>
   <trkpt lat="37.58942753645987" lon="-93.37868124702928">
    <ele>328.92</ele>
   </trkpt>
   <trkpt lat="37.589400000000005" lon="-93.37757">
    <ele>330.39</ele>
   </trkpt>
   <trkpt lat="37.58937003064438" lon="-93.37655124711503">
    <ele>327.20000000000005</ele>
   </trkpt>
   <trkpt lat="37.589340052533096" lon="-93.37553249505059">
    <ele>321.82000000000005</ele>
   </trkpt>
   <trkpt lat="37.589310065666176" lon="-93.37451374380696">
    <ele>319.81000000000006</ele>
   </trkpt>
   <trkpt lat="37.5892800700436" lon="-93.37349499338431">
    <ele>323.68</ele>
   </trkpt>
   <trkpt lat="37.58925006566542" lon="-93.37247624378294">
    <ele>327.97</ele>
   </trkpt>
   <trkpt lat="37.58922005253163" lon="-93.37145749500304">
    <ele>329.98</ele>
   </trkpt>
   <trkpt lat="37.58919003064226" lon="-93.37043874704487">
    <ele>330.09000000000003</ele>
   </trkpt>
   <trkpt lat="37.58916" lon="-93.36942">
    <ele>330.43</ele>
   </trkpt>
   <trkpt lat="37.58916" lon="-93.36941">
    <ele>330.43</ele>
   </trkpt>
   <trkpt lat="37.589130000000004" lon="-93.36847">
    <ele>329.21</ele>
   </trkpt>
   <trkpt lat="37.58829500005433" lon="-93.3684950002789">
    <ele>325.98</ele>
   </trkpt>
   <trkpt lat="37.58746" lon="-93.36852">
    <ele>324.88</ele>
   </trkpt>
   <trkpt lat="37.587450000000004" lon="-93.36852">
    <ele>324.87000000000006</ele>
   </trkpt>
   <trkpt lat="37.58678666667485" lon="-93.36854000035633">
    <ele>323.02000000000004</ele>
   </trkpt>
   <trkpt lat="37.586123333346336" lon="-93.36856000035617">
    <ele>320.49000000000007</ele>
   </trkpt>
   <trkpt lat="37.585460000000005" lon="-93.36858000000001">
    <ele>315.71000000000004</ele>
   </trkpt>
   <trkpt lat="37.58545" lon="-93.36858000000001">
    <ele>315.64000000000004</ele>
   </trkpt>
   <trkpt lat="37.58615333325536" lon="-93.36855666711037">
    <ele>320.49000000000007</ele>
   </trkpt>
   <trkpt lat="37.58685666650612" lon="-93.36853333377977">
    <ele>323.5</ele>
   </trkpt>
   <trkpt lat="37.58756" lon="-93.36851">
    <ele>325.0</ele>
   </trkpt>
   <trkpt lat="37.58668000001889" lon="-93.36853800132387">
    <ele>322.49</ele>
   </trkpt>
   <trkpt lat="37.58580000003114" lon="-93.36856600198568">
    <ele>317.65000000000003</ele>
   </trkpt>
   <trkpt lat="37.584920000036796" lon="-93.36859400198547">
    <ele>312.64000000000004</ele>
   </trkpt>
   <trkpt lat="37.584040000035834" lon="-93.36862200132326">
    <ele>311.08000000000004</ele>
   </trkpt>
   <trkpt lat="37.58316000000001" lon="-93.36865">
    <ele>313.19</ele>
   </trkpt>
   <trkpt lat="37.58315" lon="-93.36865">
    <ele>313.19</ele>
   </trkpt>
   <trkpt lat="37.582860000000004" lon="-93.36864000000001">
    <ele>314.3</ele>
   </trkpt>
   <trkpt lat="37.58216250001909" lon="-93.3686700008429">
    <ele>320.45</ele>
   </trkpt>
   <trkpt lat="37.581465000030576" lon="-93.36870000112361">
    <ele>326.23</ele>
   </trkpt>
   <trkpt lat="37.580767500034476" lon="-93.3687300008422">
    <ele>330.11</ele>
   </trkpt>
   <trkpt lat="37.580070000000006" lon="-93.36876000000001">
    <ele>330.75000000000006</ele>
   </trkpt>
   <trkpt lat="37.579211111123236" lon="-93.36878333548671">
    <ele>330.06</ele>
   </trkpt>
   <trkpt lat="37.57835222224188" lon="-93.36880667043506">
    <ele>329.97</ele>
   </trkpt>
   <trkpt lat="37.57749333335594" lon="-93.36883000484505">
    <ele>330.68</ele>
   </trkpt>
   <trkpt lat="37.57663444446539" lon="-93.36885333871673">
    <ele>332.19000000000005</ele>
   </trkpt>
   <trkpt lat="37.57577555557026" lon="-93.36887667205013">
    <ele>333.54</ele>
   </trkpt>
   <trkpt lat="37.57491666667053" lon="-93.36890000484529">
    <ele>333.49</ele>
   </trkpt>
   <trkpt lat="37.57405777776621" lon="-93.36892333710223">
    <ele>331.11</ele>
   </trkpt>
   <trkpt lat="37.57319888885729" lon="-93.36894666882097">
    <ele>329.32</ele>
   </trkpt>
   <trkpt lat="37.572340000000004" lon="-93.36897">
    <ele>330.22</ele>
   </trkpt>
   <trkpt lat="37.57161200000727" lon="-93.36899800109501">
    <ele>334.54</ele>
   </trkpt>
   <trkpt lat="37.570884000007915" lon="-93.36902600164261">
    <ele>335.09000000000003</ele>
   </trkpt>
   <trkpt lat="37.57015600000195" lon="-93.3690540016428">
    <ele>332.27</ele>
   </trkpt>
   <trkpt lat="37.56942799998938" lon="-93.36908200109563">
    <ele>327.49</ele>
   </trkpt>
   <trkpt lat="37.5687" lon="-93.36911">
    <ele>325.27</ele>
   </trkpt>
   <trkpt lat="37.568120000090246" lon="-93.36912500011448">
    <ele>324.31000000000006</ele>
   </trkpt>
   <trkpt lat="37.56754" lon="-93.36914">
    <ele>324.89</ele>
   </trkpt>
   <trkpt lat="37.56739" lon="-93.36922000000001">
    <ele>325.97</ele>
   </trkpt>
   <trkpt lat="37.56736" lon="-93.37031">
    <ele>324.89</ele>
   </trkpt>
   <trkpt lat="37.56739667584775" lon="-93.37135333229648">
    <ele>328.18</ele>
   </trkpt>
   <trkpt lat="37.567433342514086" lon="-93.37239666562027">
    <ele>334.55</ele>
   </trkpt>
   <trkpt lat="37.56747" lon="-93.37344">
    <ele>341.29</ele>
   </trkpt>
   <trkpt lat="37.56749751401553" lon="-93.37449249884688">
    <ele>342.72</ele>
   </trkpt>
   <trkpt lat="37.567525018687604" lon="-93.37554499847114">
    <ele>344.19000000000005</ele>
   </trkpt>
   <trkpt lat="37.567552514016214" lon="-93.37659749887258">
    <ele>346.47</ele>
   </trkpt>
   <trkpt lat="37.56758" lon="-93.37765">
    <ele>346.17</ele>
   </trkpt>
   <trkpt lat="37.56761" lon="-93.37792">
    <ele>345.95000000000005</ele>
   </trkpt>
   <trkpt lat="37.567630010476044" lon="-93.37882999922152">
    <ele>345.48</ele>
   </trkpt>
   <trkpt lat="37.5676500139674" lon="-93.3797399989319">
    <ele>346.26</ele>
   </trkpt>
   <trkpt lat="37.56767001047407" lon="-93.38064999913095">
    <ele>350.43</ele>
   </trkpt>
   <trkpt lat="37.567690000000006" lon="-93.38156000000001">
    <ele>352.7</ele>
   </trkpt>
   <trkpt lat="37.567726675556685" lon="-93.38258666564347">
    <ele>350.95000000000005</ele>
   </trkpt>
   <trkpt lat="37.56776334222291" lon="-93.38361333229786">
    <ele>348.6</ele>
   </trkpt>
   <trkpt lat="37.567800000000005" lon="-93.38464">
    <ele>344.42</ele>
   </trkpt>
   <trkpt lat="37.56782559662667" lon="-93.3857433302957">
    <ele>341.30000000000007</ele>
   </trkpt>
   <trkpt lat="37.56785118298555" lon="-93.38684666134955">
    <ele>338.76</ele>
   </trkpt>
   <trkpt lat="37.56787675907663" lon="-93.38794999316123">
    <ele>334.13000000000005</ele>
   </trkpt>
   <trkpt lat="37.56790232489989" lon="-93.38905332573046">
    <ele>328.70000000000005</ele>
   </trkpt>
   <trkpt lat="37.567927880455315" lon="-93.39015665905691">
    <ele>332.01000000000005</ele>
   </trkpt>
   <trkpt lat="37.5679534257429" lon="-93.39125999314031">
    <ele>335.78000000000003</ele>
   </trkpt>
   <trkpt lat="37.56797896076261" lon="-93.39236332798036">
    <ele>338.39000000000004</ele>
   </trkpt>
   <trkpt lat="37.568004485514436" lon="-93.3934666635767">
    <ele>338.68</ele>
   </trkpt>
   <trkpt lat="37.56803" lon="-93.39457">
    <ele>338.36000000000007</ele>
   </trkpt>
   <trkpt lat="37.56724500043033" lon="-93.39424999662704">
    <ele>338.23</ele>
   </trkpt>
   <trkpt lat="37.566460000000006" lon="-93.39393000000001">
    <ele>338.35</ele>
   </trkpt>
   <trkpt lat="37.56577000080073" lon="-93.39361999425275">
    <ele>338.58000000000004</ele>
   </trkpt>
   <trkpt lat="37.56508000079089" lon="-93.3933099942484">
    <ele>338.73</ele>
   </trkpt>
   <trkpt lat="37.56439" lon="-93.393">
    <ele>339.14000000000004</ele>
   </trkpt>
   <trkpt lat="37.563845000300546" lon="-93.39276999835009">
    <ele>339.27</ele>
   </trkpt>
   <trkpt lat="37.563300000000005" lon="-93.39254000000001">
    <ele>339.32</ele>
   </trkpt>
   <trkpt lat="37.56289" lon="-93.39238">
    <ele>339.25000000000006</ele>
   </trkpt>
   <trkpt lat="37.5627" lon="-93.39231000000001">
    <ele>339.25000000000006</ele>
   </trkpt>
   <trkpt lat="37.56232" lon="-93.39212">
    <ele>338.86000000000007</ele>
   </trkpt>
   <trkpt lat="37.5619100004358" lon="-93.39182499842607">
    <ele>338.84000000000003</ele>
   </trkpt>
   <trkpt lat="37.5615" lon="-93.39153">
    <ele>339.05</ele>
   </trkpt>
   <trkpt lat="37.5609550003581" lon="-93.39121499766092">
    <ele>339.07000000000005</ele>
   </trkpt>
   <trkpt lat="37.560410000000005" lon="-93.3909">
    <ele>339.33000000000004</ele>
   </trkpt>
   <trkpt lat="37.55964250252077" lon="-93.39045248616391">
    <ele>340.86000000000007</ele>
   </trkpt>
   <trkpt lat="37.55887500335248" lon="-93.39000498154721">
    <ele>341.79</ele>
   </trkpt>
   <trkpt lat="37.55810750249529" lon="-93.38955748614951">
    <ele>342.38</ele>
   </trkpt>
   <trkpt lat="37.55734" lon="-93.38911">
    <ele>341.38</ele>
   </trkpt>
   <trkpt lat="37.55677000032968" lon="-93.38880499763347">
    <ele>339.76</ele>
   </trkpt>
   <trkpt lat="37.556200000000004" lon="-93.38850000000001">
    <ele>338.40000000000003</ele>
   </trkpt>
   <trkpt lat="37.55547500214677" lon="-93.38808748795726">
    <ele>338.27</ele>
   </trkpt>
   <trkpt lat="37.55475000285844" lon="-93.38767498394104">
    <ele>339.16</ele>
   </trkpt>
   <trkpt lat="37.55402500213508" lon="-93.38726248795102">
    <ele>339.63000000000005</ele>
   </trkpt>
   <trkpt lat="37.5533" lon="-93.38685000000001">
    <ele>340.47</ele>
   </trkpt>
   <trkpt lat="37.553263343475905" lon="-93.38575333224873">
    <ele>341.29</ele>
   </trkpt>
   <trkpt lat="37.55322667680905" lon="-93.38465666557644">
    <ele>343.1</ele>
   </trkpt>
   <trkpt lat="37.55319" lon="-93.38356">
    <ele>345.74000000000007</ele>
   </trkpt>
   <trkpt lat="37.55316751246135" lon="-93.38256749910924">
    <ele>347.48</ele>
   </trkpt>
   <trkpt lat="37.55314501661525" lon="-93.38157499881757">
    <ele>346.6</ele>
   </trkpt>
   <trkpt lat="37.553122512461705" lon="-93.38058249912515">
    <ele>344.72</ele>
   </trkpt>
   <trkpt lat="37.5531" lon="-93.37959000000001">
    <ele>342.96000000000004</ele>
   </trkpt>
   <trkpt lat="37.55306839186458" lon="-93.37846666142404">
    <ele>339.86000000000007</ele>
   </trkpt>
   <trkpt lat="37.55303677308705" lon="-93.37734332380109">
    <ele>337.78000000000003</ele>
   </trkpt>
   <trkpt lat="37.55300514366747" lon="-93.37621998713146">
    <ele>336.73</ele>
   </trkpt>
   <trkpt lat="37.552973503605834" lon="-93.37509665141552">
    <ele>337.95000000000005</ele>
   </trkpt>
   <trkpt lat="37.55294185290218" lon="-93.37397331665355">
    <ele>342.37</ele>
   </trkpt>
   <trkpt lat="37.552910191556514" lon="-93.37284998284588">
    <ele>343.94</ele>
   </trkpt>
   <trkpt lat="37.55287851956887" lon="-93.37172664999281">
    <ele>344.25</ele>
   </trkpt>
   <trkpt lat="37.55284683693927" lon="-93.37060331809468">
    <ele>344.34000000000003</ele>
   </trkpt>
   <trkpt lat="37.552815143667715" lon="-93.3694799871518">
    <ele>342.93</ele>
   </trkpt>
   <trkpt lat="37.55278343975424" lon="-93.36835665716453">
    <ele>341.66</ele>
   </trkpt>
   <trkpt lat="37.552751725198874" lon="-93.36723332813312">
    <ele>341.5</ele>
   </trkpt>
   <trkpt lat="37.55272" lon="-93.36611">
    <ele>343.58000000000004</ele>
   </trkpt>
   <trkpt lat="37.55268602093265" lon="-93.36499599799808">
    <ele>345.63000000000005</ele>
   </trkpt>
   <trkpt lat="37.55265203139943" lon="-93.36388199701211">
    <ele>344.88</ele>
   </trkpt>
   <trkpt lat="37.552618031400335" lon="-93.36276799704243">
    <ele>344.43</ele>
   </trkpt>
   <trkpt lat="37.55258402093542" lon="-93.36165399808932">
    <ele>344.67</ele>
   </trkpt>
   <trkpt lat="37.552550000000004" lon="-93.36054000000001">
    <ele>345.99</ele>
   </trkpt>
   <trkpt lat="37.55174333336278" lon="-93.36057000259756">
    <ele>345.85</ele>
   </trkpt>
   <trkpt lat="37.55093666671797" lon="-93.36060000454562">
    <ele>346.40000000000003</ele>
   </trkpt>
   <trkpt lat="37.550130000065565" lon="-93.36063000584429">
    <ele>346.94</ele>
   </trkpt>
   <trkpt lat="37.54932333340557" lon="-93.36066000649357">
    <ele>346.1</ele>
   </trkpt>
   <trkpt lat="37.548516666737974" lon="-93.3606900064935">
    <ele>343.93</ele>
   </trkpt>
   <trkpt lat="37.547710000062814" lon="-93.3607200058441">
    <ele>343.31</ele>
   </trkpt>
   <trkpt lat="37.54690333338004" lon="-93.36075000454541">
    <ele>343.2</ele>
   </trkpt>
   <trkpt lat="37.546096666689685" lon="-93.36078000259747">
    <ele>341.09</ele>
   </trkpt>
   <trkpt lat="37.54529" lon="-93.36081">
    <ele>342.24</ele>
   </trkpt>
   <trkpt lat="37.54532001530568" lon="-93.36190999867344">
    <ele>344.51000000000005</ele>
   </trkpt>
   <trkpt lat="37.545350020407604" lon="-93.36300999823254">
    <ele>346.54</ele>
   </trkpt>
   <trkpt lat="37.54538001530578" lon="-93.36410999867697">
    <ele>346.6</ele>
   </trkpt>
   <trkpt lat="37.545410000000004" lon="-93.36521">
    <ele>346.46000000000004</ele>
   </trkpt>
   <trkpt lat="37.545390000000005" lon="-93.36529">
    <ele>346.46000000000004</ele>
   </trkpt>
   <trkpt lat="37.54536" lon="-93.36534">
    <ele>346.46000000000004</ele>
   </trkpt>
   <trkpt lat="37.54529" lon="-93.36538">
    <ele>346.35</ele>
   </trkpt>
   <trkpt lat="37.545230000000004" lon="-93.36540000000001">
    <ele>346.35</ele>
   </trkpt>
   <trkpt lat="37.54434500001514" lon="-93.36542250186966">
    <ele>345.79</ele>
   </trkpt>
   <trkpt lat="37.543460000026" lon="-93.36544500320505">
    <ele>345.74000000000007</ele>
   </trkpt>
   <trkpt lat="37.5425750000326" lon="-93.36546750400623">
    <ele>345.79</ele>
   </trkpt>
   <trkpt lat="37.541690000034926" lon="-93.36549000427324">
    <ele>346.0</ele>
   </trkpt>
   <trkpt lat="37.54080500003298" lon="-93.36551250400609">
    <ele>346.34000000000003</ele>
   </trkpt>
   <trkpt lat="37.53992000002676" lon="-93.36553500320481">
    <ele>344.55</ele>
   </trkpt>
   <trkpt lat="37.539035000016284" lon="-93.36555750186942">
    <ele>341.57000000000005</ele>
   </trkpt>
   <trkpt lat="37.53815" lon="-93.36558000000001">
    <ele>341.5</ele>
   </trkpt>
   <trkpt lat="37.538180052202605" lon="-93.36669272279153">
    <ele>341.43</ele>
   </trkpt>
   <trkpt lat="37.53821009396473" lon="-93.36780544647979">
    <ele>343.64</ele>
   </trkpt>
   <trkpt lat="37.53824012528636" lon="-93.36891817106451">
    <ele>346.40000000000003</ele>
   </trkpt>
   <trkpt lat="37.538270146167484" lon="-93.37003089654536">
    <ele>346.6</ele>
   </trkpt>
   <trkpt lat="37.53830015660808" lon="-93.37114362292205">
    <ele>345.14</ele>
   </trkpt>
   <trkpt lat="37.538330156608126" lon="-93.37225635019423">
    <ele>343.83000000000004</ele>
   </trkpt>
   <trkpt lat="37.5383601461676" lon="-93.37336907836165">
    <ele>341.84000000000003</ele>
   </trkpt>
   <trkpt lat="37.53839012528648" lon="-93.37448180742396">
    <ele>339.9200000000001</ele>
   </trkpt>
   <trkpt lat="37.53842009396475" lon="-93.37559453738085">
    <ele>336.57000000000005</ele>
   </trkpt>
   <trkpt lat="37.5384500522024" lon="-93.37670726823202">
    <ele>336.31000000000006</ele>
   </trkpt>
   <trkpt lat="37.53848" lon="-93.37782000000001">
    <ele>337.40000000000003</ele>
   </trkpt>
   <trkpt lat="37.53826500256081" lon="-93.3786000022646">
    <ele>337.93</ele>
   </trkpt>
   <trkpt lat="37.538050000000005" lon="-93.37938000000001">
    <ele>339.29</ele>
   </trkpt>
   <trkpt lat="37.53806" lon="-93.38031000000001">
    <ele>339.44</ele>
   </trkpt>
   <trkpt lat="37.538090000000004" lon="-93.38051">
    <ele>339.87</ele>
   </trkpt>
   <trkpt lat="37.538140000000006" lon="-93.38069">
    <ele>340.18</ele>
   </trkpt>
   <trkpt lat="37.538340000000005" lon="-93.38096">
    <ele>341.11</ele>
   </trkpt>
   <trkpt lat="37.53849" lon="-93.38105">
    <ele>342.94</ele>
   </trkpt>
   <trkpt lat="37.538610000000006" lon="-93.38111">
    <ele>342.94</ele>
   </trkpt>
   <trkpt lat="37.538610000000006" lon="-93.38123">
    <ele>343.03</ele>
   </trkpt>
   <trkpt lat="37.538641690577094" lon="-93.38229499773935">
    <ele>344.51000000000005</ele>
   </trkpt>
   <trkpt lat="37.53867337159005" lon="-93.38335999638382">
    <ele>344.43</ele>
   </trkpt>
   <trkpt lat="37.53870504303887" lon="-93.38442499593313">
    <ele>341.36000000000007</ele>
   </trkpt>
   <trkpt lat="37.538736704923515" lon="-93.38548999638705">
    <ele>340.19000000000005</ele>
   </trkpt>
   <trkpt lat="37.538768357243974" lon="-93.38655499774525">
    <ele>342.12</ele>
   </trkpt>
   <trkpt lat="37.5388" lon="-93.38762000000001">
    <ele>341.41</ele>
   </trkpt>
   <trkpt lat="37.53868000000001" lon="-93.38768">
    <ele>340.55</ele>
   </trkpt>
   <trkpt lat="37.53867" lon="-93.38768">
    <ele>340.49</ele>
   </trkpt>
   <trkpt lat="37.5388" lon="-93.38762000000001">
    <ele>341.41</ele>
   </trkpt>
   <trkpt lat="37.53883668852721" lon="-93.38863833081929">
    <ele>340.42</ele>
   </trkpt>
   <trkpt lat="37.538873368310085" lon="-93.38965666264055">
    <ele>337.48</ele>
   </trkpt>
   <trkpt lat="37.53891003934862" lon="-93.39067499546356">
    <ele>336.88</ele>
   </trkpt>
   <trkpt lat="37.53894670164277" lon="-93.39169332928809">
    <ele>332.94</ele>
   </trkpt>
   <trkpt lat="37.53898335519253" lon="-93.39271166411393">
    <ele>325.51</ele>
   </trkpt>
   <trkpt lat="37.53902" lon="-93.39373">
    <ele>326.63000000000005</ele>
   </trkpt>
   <trkpt lat="37.5390475136141" lon="-93.39476749881915">
    <ele>329.97</ele>
   </trkpt>
   <trkpt lat="37.539075018151564" lon="-93.3958049984038">
    <ele>325.12</ele>
   </trkpt>
   <trkpt lat="37.53910251361239" lon="-93.39684249875373">
    <ele>330.74</ele>
   </trkpt>
   <trkpt lat="37.53913" lon="-93.39788">
    <ele>329.61</ele>
   </trkpt>
   <trkpt lat="37.53914667549796" lon="-93.39890333292585">
    <ele>325.49</ele>
   </trkpt>
   <trkpt lat="37.53916334216544" lon="-93.3999266663093">
    <ele>330.36</ele>
   </trkpt>
   <trkpt lat="37.53918" lon="-93.40095000000001">
    <ele>331.68</ele>
   </trkpt>
   <trkpt lat="37.5392" lon="-93.40111">
    <ele>331.78000000000003</ele>
   </trkpt>
   <trkpt lat="37.539260000000006" lon="-93.40122000000001">
    <ele>331.91</ele>
   </trkpt>
   <trkpt lat="37.539300000000004" lon="-93.40125">
    <ele>331.95</ele>
   </trkpt>
   <trkpt lat="37.539820000000006" lon="-93.40124">
    <ele>333.65</ele>
   </trkpt>
   <trkpt lat="37.5406819999955" lon="-93.40120800148067">
    <ele>335.87</ele>
   </trkpt>
   <trkpt lat="37.541543999982366" lon="-93.40117600222145">
    <ele>337.13000000000005</ele>
   </trkpt>
   <trkpt lat="37.54240599996058" lon="-93.4011440022223">
    <ele>339.43</ele>
   </trkpt>
   <trkpt lat="37.54326799993018" lon="-93.40111200148318">
    <ele>341.68</ele>
   </trkpt>
   <trkpt lat="37.54413" lon="-93.40108000000001">
    <ele>342.81</ele>
   </trkpt>
   <trkpt lat="37.54496" lon="-93.40101000000001">
    <ele>345.41</ele>
   </trkpt>
   <trkpt lat="37.545615000010265" lon="-93.40097000035124">
    <ele>348.05</ele>
   </trkpt>
   <trkpt lat="37.54627" lon="-93.40093">
    <ele>348.29</ele>
   </trkpt>
   <trkpt lat="37.54685999990607" lon="-93.40093000000002">
    <ele>348.03</ele>
   </trkpt>
   <trkpt lat="37.547450000000005" lon="-93.40093">
    <ele>348.56</ele>
   </trkpt>
   <trkpt lat="37.548345714320284" lon="-93.40089143135266">
    <ele>349.63000000000005</ele>
   </trkpt>
   <trkpt lat="37.54924142862802" lon="-93.40085286177839">
    <ele>348.69000000000005</ele>
   </trkpt>
   <trkpt lat="37.55013714292321" lon="-93.4008142912771">
    <ele>348.19000000000005</ele>
   </trkpt>
   <trkpt lat="37.551032857205854" lon="-93.40077571984877">
    <ele>347.17</ele>
   </trkpt>
   <trkpt lat="37.55192857147595" lon="-93.40073714749333">
    <ele>343.75000000000006</ele>
   </trkpt>
   <trkpt lat="37.55282428573349" lon="-93.40069857421074">
    <ele>341.79</ele>
   </trkpt>
   <trkpt lat="37.553720000000006" lon="-93.40066">
    <ele>343.89000000000004</ele>
   </trkpt>
   <trkpt lat="37.55373" lon="-93.40082000000001">
    <ele>343.93</ele>
   </trkpt>
   <trkpt lat="37.55373" lon="-93.40083000000001">
    <ele>343.93</ele>
   </trkpt>
   <trkpt lat="37.55375277448974" lon="-93.40188817858731">
    <ele>344.43</ele>
   </trkpt>
   <trkpt lat="37.55377553953609" lon="-93.40294635782121">
    <ele>344.98</ele>
   </trkpt>
   <trkpt lat="37.553798295139075" lon="-93.40400453770147">
    <ele>345.34000000000003</ele>
   </trkpt>
   <trkpt lat="37.55382104129866" lon="-93.40506271822781">
    <ele>346.14</ele>
   </trkpt>
   <trkpt lat="37.55384377801484" lon="-93.40612089939998">
    <ele>346.96999999999997</ele>
   </trkpt>
   <trkpt lat="37.553866505287594" lon="-93.40717908121769">
    <ele>348.81</ele>
   </trkpt>
   <trkpt lat="37.55388922311691" lon="-93.40823726368068">
    <ele>349.38</ele>
   </trkpt>
   <trkpt lat="37.55391193150279" lon="-93.4092954467887">
    <ele>347.92</ele>
   </trkpt>
   <trkpt lat="37.5539346304452" lon="-93.41035363054148">
    <ele>347.09</ele>
   </trkpt>
   <trkpt lat="37.55395731994413" lon="-93.41141181493872">
    <ele>347.46000000000004</ele>
   </trkpt>
   <trkpt lat="37.55398" lon="-93.41247000000001">
    <ele>348.06</ele>
   </trkpt>
   <trkpt lat="37.55398" lon="-93.41295000000001">
    <ele>347.76</ele>
   </trkpt>
   <trkpt lat="37.553998228307975" lon="-93.41399999743477">
    <ele>343.33000000000004</ele>
   </trkpt>
   <trkpt lat="37.55401644731802" lon="-93.41504999538306">
    <ele>341.96000000000004</ele>
   </trkpt>
   <trkpt lat="37.554034657030115" lon="-93.4160999938446">
    <ele>341.53</ele>
   </trkpt>
   <trkpt lat="37.55405285744426" lon="-93.41714999281913">
    <ele>341.01000000000005</ele>
   </trkpt>
   <trkpt lat="37.554071048560445" lon="-93.41819999230641">
    <ele>342.06</ele>
   </trkpt>
   <trkpt lat="37.55408923037866" lon="-93.41924999230618">
    <ele>341.98</ele>
   </trkpt>
   <trkpt lat="37.55410740289887" lon="-93.42029999281814">
    <ele>340.36000000000007</ele>
   </trkpt>
   <trkpt lat="37.55412556612111" lon="-93.42134999384206">
    <ele>344.22</ele>
   </trkpt>
   <trkpt lat="37.55414372004533" lon="-93.42239999537767">
    <ele>351.85</ele>
   </trkpt>
   <trkpt lat="37.55416186467152" lon="-93.42344999742473">
    <ele>355.08</ele>
   </trkpt>
   <trkpt lat="37.55418" lon="-93.42450000000001">
    <ele>354.38</ele>
   </trkpt>
   <trkpt lat="37.554200010303106" lon="-93.42540249924356">
    <ele>353.85</ele>
   </trkpt>
   <trkpt lat="37.554220013737044" lon="-93.42630499897169">
    <ele>351.22</ele>
   </trkpt>
   <trkpt lat="37.554240010301804" lon="-93.4272074991842">
    <ele>350.51000000000005</ele>
   </trkpt>
   <trkpt lat="37.554260000000006" lon="-93.42811">
    <ele>354.27000000000004</ele>
   </trkpt>
   <trkpt lat="37.554278356651906" lon="-93.42916166535693">
    <ele>354.16</ele>
   </trkpt>
   <trkpt lat="37.55429670397628" lon="-93.43021333123183">
    <ele>351.35</ele>
   </trkpt>
   <trkpt lat="37.55431504197311" lon="-93.43126499762441">
    <ele>352.2</ele>
   </trkpt>
   <trkpt lat="37.55433337064243" lon="-93.43231666453444">
    <ele>356.81</ele>
   </trkpt>
   <trkpt lat="37.55435168998418" lon="-93.43336833196163">
    <ele>358.78000000000003</ele>
   </trkpt>
   <trkpt lat="37.554370000000006" lon="-93.43442">
    <ele>359.69</ele>
   </trkpt>
   <trkpt lat="37.55436" lon="-93.43542000000001">
    <ele>351.41</ele>
   </trkpt>
   <trkpt lat="37.55438667705789" lon="-93.4365299992147">
    <ele>342.87</ele>
   </trkpt>
   <trkpt lat="37.55441334372478" lon="-93.43763999922395">
    <ele>340.64000000000004</ele>
   </trkpt>
   <trkpt lat="37.55444" lon="-93.43875000000001">
    <ele>341.84000000000003</ele>
   </trkpt>
   <trkpt lat="37.55445" lon="-93.43967">
    <ele>342.93</ele>
   </trkpt>
   <trkpt lat="37.554477509684304" lon="-93.4405449989952">
    <ele>346.5</ele>
   </trkpt>
   <trkpt lat="37.55450501291164" lon="-93.44141999863629">
    <ele>347.63000000000005</ele>
   </trkpt>
   <trkpt lat="37.55453250968204" lon="-93.44229499892319">
    <ele>345.33000000000004</ele>
   </trkpt>
   <trkpt lat="37.55456" lon="-93.44317000000001">
    <ele>347.91</ele>
   </trkpt>
   <trkpt lat="37.55457000400799" lon="-93.44414499981116">
    <ele>349.56</ele>
   </trkpt>
   <trkpt lat="37.55458" lon="-93.44512">
    <ele>347.03</ele>
   </trkpt>
   <trkpt lat="37.554610000000004" lon="-93.44616">
    <ele>353.75</ele>
   </trkpt>
   <trkpt lat="37.554610000000004" lon="-93.44615">
    <ele>353.75</ele>
   </trkpt>
   <trkpt lat="37.55462" lon="-93.44628">
    <ele>354.01000000000005</ele>
   </trkpt>
   <trkpt lat="37.554750000000006" lon="-93.44639000000001">
    <ele>353.68000000000006</ele>
   </trkpt>
   <trkpt lat="37.55485" lon="-93.44642">
    <ele>353.45000000000005</ele>
   </trkpt>
   <trkpt lat="37.55545999999238" lon="-93.44639500020507">
    <ele>349.16</ele>
   </trkpt>
   <trkpt lat="37.556070000000005" lon="-93.44637">
    <ele>347.1</ele>
   </trkpt>
   <trkpt lat="37.556830000000005" lon="-93.44637">
    <ele>346.96999999999997</ele>
   </trkpt>
   <trkpt lat="37.55695" lon="-93.44642">
    <ele>346.87</ele>
   </trkpt>
   <trkpt lat="37.557010000000005" lon="-93.44646">
    <ele>346.67</ele>
   </trkpt>
   <trkpt lat="37.55704" lon="-93.44655">
    <ele>346.53</ele>
   </trkpt>
   <trkpt lat="37.55711" lon="-93.44686">
    <ele>344.91</ele>
   </trkpt>
   <trkpt lat="37.55712750996471" lon="-93.4477474993911">
    <ele>342.53</ele>
   </trkpt>
   <trkpt lat="37.557145013286494" lon="-93.4486349991992">
    <ele>341.93</ele>
   </trkpt>
   <trkpt lat="37.55716250996535" lon="-93.44952249942416">
    <ele>342.31</ele>
   </trkpt>
   <trkpt lat="37.55718" lon="-93.45041">
    <ele>340.62</ele>
   </trkpt>
   <trkpt lat="37.55726000629622" lon="-93.45127333158904">
    <ele>340.69000000000005</ele>
   </trkpt>
   <trkpt lat="37.557340006306376" lon="-93.45213666503187">
    <ele>340.38</ele>
   </trkpt>
   <trkpt lat="37.55742" lon="-93.453">
    <ele>337.05</ele>
   </trkpt>
   <trkpt lat="37.55751" lon="-93.45355">
    <ele>337.48</ele>
   </trkpt>
   <trkpt lat="37.55756" lon="-93.45413">
    <ele>335.63000000000005</ele>
   </trkpt>
   <trkpt lat="37.55763" lon="-93.4547">
    <ele>333.72</ele>
   </trkpt>
   <trkpt lat="37.55787" lon="-93.45574">
    <ele>335.53000000000003</ele>
   </trkpt>
   <trkpt lat="37.55808500465129" lon="-93.45678499720971">
    <ele>340.75000000000006</ele>
   </trkpt>
   <trkpt lat="37.5583" lon="-93.45783">
    <ele>343.47</ele>
   </trkpt>
   <trkpt lat="37.55840500225777" lon="-93.45855999904471">
    <ele>343.25000000000006</ele>
   </trkpt>
   <trkpt lat="37.558510000000005" lon="-93.45929000000001">
    <ele>342.39000000000004</ele>
   </trkpt>
   <trkpt lat="37.55850500315631" lon="-93.46015499986866">
    <ele>339.29</ele>
   </trkpt>
   <trkpt lat="37.5585" lon="-93.46102">
    <ele>333.47</ele>
   </trkpt>
   <trkpt lat="37.55851667504375" lon="-93.46201666617979">
    <ele>332.67</ele>
   </trkpt>
   <trkpt lat="37.55853334170973" lon="-93.46301333280555">
    <ele>338.83000000000004</ele>
   </trkpt>
   <trkpt lat="37.558550000000004" lon="-93.46401">
    <ele>346.77000000000004</ele>
   </trkpt>
   <trkpt lat="37.55857" lon="-93.46453000000001">
    <ele>347.91</ele>
   </trkpt>
   <trkpt lat="37.55865" lon="-93.46453000000001">
    <ele>347.98</ele>
   </trkpt>
   <trkpt lat="37.55857" lon="-93.46453000000001">
    <ele>347.91</ele>
   </trkpt>
   <trkpt lat="37.55945500005158" lon="-93.46449583779781">
    <ele>345.7</ele>
   </trkpt>
   <trkpt lat="37.56034000009332" lon="-93.46446167478405">
    <ele>337.27</ele>
   </trkpt>
   <trkpt lat="37.56122500012521" lon="-93.46442751095867">
    <ele>336.1</ele>
   </trkpt>
   <trkpt lat="37.562110000147264" lon="-93.46439334632169">
    <ele>337.13000000000005</ele>
   </trkpt>
   <trkpt lat="37.56299500015947" lon="-93.46435918087298">
    <ele>340.13000000000005</ele>
   </trkpt>
   <trkpt lat="37.563880000161824" lon="-93.46432501461257">
    <ele>340.04</ele>
   </trkpt>
   <trkpt lat="37.564765000154345" lon="-93.46429084754038">
    <ele>338.0</ele>
   </trkpt>
   <trkpt lat="37.56565000013701" lon="-93.46425667965639">
    <ele>333.87</ele>
   </trkpt>
   <trkpt lat="37.56653500010983" lon="-93.4642225109605">
    <ele>332.89</ele>
   </trkpt>
   <trkpt lat="37.56742000007281" lon="-93.4641883414527">
    <ele>332.25000000000006</ele>
   </trkpt>
   <trkpt lat="37.56830500002594" lon="-93.46415417113296">
    <ele>325.89</ele>
   </trkpt>
   <trkpt lat="37.569190000000006" lon="-93.46412000000001">
    <ele>325.21</ele>
   </trkpt>
   <trkpt lat="37.569300000000005" lon="-93.46415">
    <ele>325.49</ele>
   </trkpt>
   <trkpt lat="37.56936" lon="-93.46419">
    <ele>325.49</ele>
   </trkpt>
   <trkpt lat="37.56942" lon="-93.46428">
    <ele>326.27</ele>
   </trkpt>
   <trkpt lat="37.56944" lon="-93.46437">
    <ele>326.27</ele>
   </trkpt>
   <trkpt lat="37.56947" lon="-93.46537000000001">
    <ele>330.08000000000004</ele>
   </trkpt>
   <trkpt lat="37.56949000935835" lon="-93.46642333276242">
    <ele>330.44</ele>
   </trkpt>
   <trkpt lat="37.56951000935825" lon="-93.4674766660906">
    <ele>329.38</ele>
   </trkpt>
   <trkpt lat="37.56953" lon="-93.46853">
    <ele>332.58000000000004</ele>
   </trkpt>
   <trkpt lat="37.569570000000006" lon="-93.46872">
    <ele>332.88</ele>
   </trkpt>
   <trkpt lat="37.56964" lon="-93.46885">
    <ele>332.76</ele>
   </trkpt>
   <trkpt lat="37.569770000000005" lon="-93.46898">
    <ele>332.5</ele>
   </trkpt>
   <trkpt lat="37.56976" lon="-93.46898">
    <ele>332.48</ele>
   </trkpt>
   <trkpt lat="37.569680000000005" lon="-93.46913">
    <ele>332.25000000000006</ele>
   </trkpt>
   <trkpt lat="37.569630000000004" lon="-93.46926">
    <ele>332.17</ele>
   </trkpt>
   <trkpt lat="37.569570000000006" lon="-93.46952">
    <ele>332.19000000000005</ele>
   </trkpt>
   <trkpt lat="37.56956" lon="-93.46965">
    <ele>332.31000000000006</ele>
   </trkpt>
   <trkpt lat="37.56957334347792" lon="-93.47074666629736">
    <ele>335.59000000000003</ele>
   </trkpt>
   <trkpt lat="37.56958667681153" lon="-93.47184333298748">
    <ele>344.36000000000007</ele>
   </trkpt>
   <trkpt lat="37.5696" lon="-93.47294000000001">
    <ele>349.30000000000007</ele>
   </trkpt>
   <trkpt lat="37.56962334410538" lon="-93.4740699993744">
    <ele>351.5</ele>
   </trkpt>
   <trkpt lat="37.56964667744042" lon="-93.47519999945699">
    <ele>353.8</ele>
   </trkpt>
   <trkpt lat="37.56967" lon="-93.47633">
    <ele>358.55</ele>
   </trkpt>
   <trkpt lat="37.56969500224949" lon="-93.47705999981436">
    <ele>357.90000000000003</ele>
   </trkpt>
   <trkpt lat="37.569720000000004" lon="-93.47779000000001">
    <ele>357.73</ele>
   </trkpt>
   <trkpt lat="37.569745011061585" lon="-93.47872499908655">
    <ele>356.35</ele>
   </trkpt>
   <trkpt lat="37.569770014749274" lon="-93.47965999880095">
    <ele>353.26</ele>
   </trkpt>
   <trkpt lat="37.56979501106309" lon="-93.48059499914301">
    <ele>347.49</ele>
   </trkpt>
   <trkpt lat="37.56982" lon="-93.48153">
    <ele>341.78000000000003</ele>
   </trkpt>
   <trkpt lat="37.569830005672294" lon="-93.4823499998417">
    <ele>337.84000000000003</ele>
   </trkpt>
   <trkpt lat="37.56984000567306" lon="-93.48316999990365">
    <ele>336.03000000000003</ele>
   </trkpt>
   <trkpt lat="37.56985" lon="-93.48399">
    <ele>336.24</ele>
   </trkpt>
   <trkpt lat="37.569876413994216" lon="-93.48508272340527">
    <ele>332.95</ele>
   </trkpt>
   <trkpt lat="37.56990281791691" lon="-93.48617544758544">
    <ele>329.07000000000005</ele>
   </trkpt>
   <trkpt lat="37.56992921176809" lon="-93.48726817254018">
    <ele>327.36</ele>
   </trkpt>
   <trkpt lat="37.569955595547725" lon="-93.48836089826928">
    <ele>327.02000000000004</ele>
   </trkpt>
   <trkpt lat="37.569981969255814" lon="-93.48945362477237">
    <ele>325.67</ele>
   </trkpt>
   <trkpt lat="37.57000833289232" lon="-93.49054635204918">
    <ele>324.56</ele>
   </trkpt>
   <trkpt lat="37.57003468645725" lon="-93.49163908009943">
    <ele>324.64000000000004</ele>
   </trkpt>
   <trkpt lat="37.57006102995055" lon="-93.49273180892283">
    <ele>326.17</ele>
   </trkpt>
   <trkpt lat="37.57008736337225" lon="-93.49382453851905">
    <ele>325.35</ele>
   </trkpt>
   <trkpt lat="37.570113686722294" lon="-93.49491726888782">
    <ele>322.52000000000004</ele>
   </trkpt>
   <trkpt lat="37.57014" lon="-93.49601000000001">
    <ele>319.8</ele>
   </trkpt>
   <trkpt lat="37.57015667215809" lon="-93.49681666644148">
    <ele>319.04</ele>
   </trkpt>
   <trkpt lat="37.570173338827566" lon="-93.49762333324398">
    <ele>318.18</ele>
   </trkpt>
   <trkpt lat="37.570190000000004" lon="-93.49843000000001">
    <ele>315.39</ele>
   </trkpt>
   <trkpt lat="37.57021751622735" lon="-93.49956249875333">
    <ele>308.94000000000005</ele>
   </trkpt>
   <trkpt lat="37.570245021636616" lon="-93.50069499834328">
    <ele>306.23</ele>
   </trkpt>
   <trkpt lat="37.57027251622775" lon="-93.5018274987695">
    <ele>305.39000000000004</ele>
   </trkpt>
   <trkpt lat="37.5703" lon="-93.50296">
    <ele>304.8</ele>
   </trkpt>
   <trkpt lat="37.570332512027846" lon="-93.50393499873375">
    <ele>307.61000000000007</ele>
   </trkpt>
   <trkpt lat="37.57036501603737" lon="-93.50490999831862">
    <ele>310.13</ele>
   </trkpt>
   <trkpt lat="37.57039751202855" lon="-93.50588499875438">
    <ele>305.38000000000005</ele>
   </trkpt>
   <trkpt lat="37.57043" lon="-93.50686">
    <ele>301.25</ele>
   </trkpt>
   <trkpt lat="37.570455598637196" lon="-93.50798999689633">
    <ele>301.69</ele>
   </trkpt>
   <trkpt lat="37.570481186504026" lon="-93.50911999456928">
    <ele>306.86</ele>
   </trkpt>
   <trkpt lat="37.57050676360048" lon="-93.51024999301848">
    <ele>310.99000000000007</ele>
   </trkpt>
   <trkpt lat="37.57053232992651" lon="-93.51137999224363">
    <ele>313.58000000000004</ele>
   </trkpt>
   <trkpt lat="37.57055788548211" lon="-93.51250999224442">
    <ele>314.74</ele>
   </trkpt>
   <trkpt lat="37.57058343026726" lon="-93.51363999302049">
    <ele>318.47</ele>
   </trkpt>
   <trkpt lat="37.57060896428198" lon="-93.51476999457154">
    <ele>322.89</ele>
   </trkpt>
   <trkpt lat="37.57063448752621" lon="-93.51589999689723">
    <ele>330.11</ele>
   </trkpt>
   <trkpt lat="37.570660000000004" lon="-93.51703">
    <ele>332.14000000000004</ele>
   </trkpt>
   <trkpt lat="37.57068500152602" lon="-93.51762999998465">
    <ele>330.53000000000003</ele>
   </trkpt>
   <trkpt lat="37.570710000000005" lon="-93.51823">
    <ele>327.35</ele>
   </trkpt>
   <trkpt lat="37.57068" lon="-93.51855">
    <ele>326.04</ele>
   </trkpt>
   <trkpt lat="37.57061" lon="-93.51877">
    <ele>324.86</ele>
   </trkpt>
   <trkpt lat="37.57049000000001" lon="-93.51899">
    <ele>323.52000000000004</ele>
   </trkpt>
   <trkpt lat="37.5703" lon="-93.51919000000001">
    <ele>321.63</ele>
   </trkpt>
   <trkpt lat="37.57009" lon="-93.51932000000001">
    <ele>320.99000000000007</ele>
   </trkpt>
   <trkpt lat="37.56992" lon="-93.51937000000001">
    <ele>320.93000000000006</ele>
   </trkpt>
   <trkpt lat="37.56935" lon="-93.51945">
    <ele>322.73</ele>
   </trkpt>
   <trkpt lat="37.56913" lon="-93.51954">
    <ele>323.72</ele>
   </trkpt>
   <trkpt lat="37.56893" lon="-93.51971">
    <ele>323.99</ele>
   </trkpt>
   <trkpt lat="37.56884" lon="-93.51981">
    <ele>323.64000000000004</ele>
   </trkpt>
   <trkpt lat="37.56873" lon="-93.52003">
    <ele>322.62</ele>
   </trkpt>
   <trkpt lat="37.56868" lon="-93.52015">
    <ele>321.96000000000004</ele>
   </trkpt>
   <trkpt lat="37.568630000000006" lon="-93.52065">
    <ele>318.3</ele>
   </trkpt>
   <trkpt lat="37.56865500286759" lon="-93.52147499962918">
    <ele>313.78</ele>
   </trkpt>
   <trkpt lat="37.56868" lon="-93.5223">
    <ele>310.98</ele>
   </trkpt>
   <trkpt lat="37.56869000273074" lon="-93.52310499971456">
    <ele>311.59000000000003</ele>
   </trkpt>
   <trkpt lat="37.5687" lon="-93.52391">
    <ele>313.0</ele>
   </trkpt>
   <trkpt lat="37.56872750941214" lon="-93.52477249905145">
    <ele>312.12</ele>
   </trkpt>
   <trkpt lat="37.56875501254968" lon="-93.52563499873996">
    <ele>313.25</ele>
   </trkpt>
   <trkpt lat="37.568782509412586" lon="-93.52649749906533">
    <ele>313.1</ele>
   </trkpt>
   <trkpt lat="37.568810000000006" lon="-93.52736">
    <ele>309.67</ele>
   </trkpt>
   <trkpt lat="37.568780000000004" lon="-93.52759">
    <ele>308.59000000000003</ele>
   </trkpt>
   <trkpt lat="37.568470000000005" lon="-93.52848">
    <ele>305.00000000000006</ele>
   </trkpt>
   <trkpt lat="37.568400000000004" lon="-93.52875">
    <ele>304.09000000000003</ele>
   </trkpt>
   <trkpt lat="37.56837" lon="-93.52906">
    <ele>303.28000000000003</ele>
   </trkpt>
   <trkpt lat="37.56841000529277" lon="-93.53017999946998">
    <ele>300.28000000000003</ele>
   </trkpt>
   <trkpt lat="37.568450000000006" lon="-93.5313">
    <ele>297.16</ele>
   </trkpt>
   <trkpt lat="37.56845500231027" lon="-93.53204000007761">
    <ele>297.48</ele>
   </trkpt>
   <trkpt lat="37.56846" lon="-93.53278">
    <ele>299.06000000000006</ele>
   </trkpt>
   <trkpt lat="37.56839" lon="-93.53298000000001">
    <ele>298.75</ele>
   </trkpt>
   <trkpt lat="37.56832" lon="-93.53307000000001">
    <ele>298.46</ele>
   </trkpt>
   <trkpt lat="37.568310000000004" lon="-93.53307000000001">
    <ele>298.44000000000005</ele>
   </trkpt>
   <trkpt lat="37.56819" lon="-93.53318">
    <ele>297.95000000000005</ele>
   </trkpt>
   <trkpt lat="37.56804" lon="-93.53323">
    <ele>296.59000000000003</ele>
   </trkpt>
   <trkpt lat="37.56715500006202" lon="-93.53326667145838">
    <ele>295.85</ele>
   </trkpt>
   <trkpt lat="37.56627000011271" lon="-93.5333033420454">
    <ele>303.59000000000003</ele>
   </trkpt>
   <trkpt lat="37.56538500015204" lon="-93.53334001176107">
    <ele>308.48</ele>
   </trkpt>
   <trkpt lat="37.56450000018005" lon="-93.53337668060544">
    <ele>308.97</ele>
   </trkpt>
   <trkpt lat="37.563615000196705" lon="-93.5334133485786">
    <ele>306.54</ele>
   </trkpt>
   <trkpt lat="37.56273000020202" lon="-93.53345001568057">
    <ele>307.71000000000004</ele>
   </trkpt>
   <trkpt lat="37.56184500019601" lon="-93.5334866819114">
    <ele>309.12</ele>
   </trkpt>
   <trkpt lat="37.560960000178646" lon="-93.53352334727114">
    <ele>309.01</ele>
   </trkpt>
   <trkpt lat="37.56007500014994" lon="-93.53356001175983">
    <ele>308.48</ele>
   </trkpt>
   <trkpt lat="37.55919000010992" lon="-93.53359667537755">
    <ele>301.28000000000003</ele>
   </trkpt>
   <trkpt lat="37.558305000058546" lon="-93.53363333812432">
    <ele>290.40999999999997</ele>
   </trkpt>
   <trkpt lat="37.55742" lon="-93.53367">
    <ele>286.85</ele>
   </trkpt>
   <trkpt lat="37.55711" lon="-93.53369">
    <ele>286.55</ele>
   </trkpt>
   <trkpt lat="37.556920000000005" lon="-93.53374000000001">
    <ele>286.46999999999997</ele>
   </trkpt>
   <trkpt lat="37.55677" lon="-93.53392000000001">
    <ele>286.46999999999997</ele>
   </trkpt>
   <trkpt lat="37.55669" lon="-93.53412">
    <ele>286.32</ele>
   </trkpt>
   <trkpt lat="37.556540000000005" lon="-93.53475">
    <ele>285.57000000000005</ele>
   </trkpt>
   <trkpt lat="37.5565" lon="-93.53503">
    <ele>285.36</ele>
   </trkpt>
   <trkpt lat="37.556490000000004" lon="-93.53589000000001">
    <ele>284.98</ele>
   </trkpt>
   <trkpt lat="37.55652000198239" lon="-93.53657499980932">
    <ele>284.26</ele>
   </trkpt>
   <trkpt lat="37.55655" lon="-93.53726">
    <ele>283.89000000000004</ele>
   </trkpt>
   <trkpt lat="37.55657801945548" lon="-93.53833399835722">
    <ele>283.49</ele>
   </trkpt>
   <trkpt lat="37.55660602918287" lon="-93.539407997522">
    <ele>283.63000000000005</ele>
   </trkpt>
   <trkpt lat="37.55663402918216" lon="-93.54048199749404">
    <ele>285.90000000000003</ele>
   </trkpt>
   <trkpt lat="37.55666201945331" lon="-93.54155599827304">
    <ele>285.07000000000005</ele>
   </trkpt>
   <trkpt lat="37.55669" lon="-93.54263">
    <ele>287.24000000000007</ele>
   </trkpt>
   <trkpt lat="37.556720000000006" lon="-93.54275000000001">
    <ele>287.24000000000007</ele>
   </trkpt>
   <trkpt lat="37.55671" lon="-93.54274000000001">
    <ele>287.24000000000007</ele>
   </trkpt>
   <trkpt lat="37.55678" lon="-93.54281">
    <ele>287.64</ele>
   </trkpt>
   <trkpt lat="37.55688" lon="-93.54282">
    <ele>288.04</ele>
   </trkpt>
   <trkpt lat="37.55765" lon="-93.54278000000001">
    <ele>294.19</ele>
   </trkpt>
   <trkpt lat="37.55852000002308" lon="-93.5427400018684">
    <ele>304.32000000000005</ele>
   </trkpt>
   <trkpt lat="37.559390000032664" lon="-93.5427000028027">
    <ele>306.27000000000004</ele>
   </trkpt>
   <trkpt lat="37.56026000002875" lon="-93.54266000280296">
    <ele>299.19</ele>
   </trkpt>
   <trkpt lat="37.56113000001134" lon="-93.54262000186904">
    <ele>289.1</ele>
   </trkpt>
   <trkpt lat="37.562000000000005" lon="-93.54258">
    <ele>280.39000000000004</ele>
   </trkpt>
   <trkpt lat="37.562650000000005" lon="-93.54265000000001">
    <ele>279.05</ele>
   </trkpt>
   <trkpt lat="37.56282" lon="-93.54263">
    <ele>280.07000000000005</ele>
   </trkpt>
   <trkpt lat="37.56302" lon="-93.54254">
    <ele>281.49</ele>
   </trkpt>
   <trkpt lat="37.56311" lon="-93.54245">
    <ele>283.75</ele>
   </trkpt>
   <trkpt lat="37.563280000000006" lon="-93.54223">
    <ele>286.05</ele>
   </trkpt>
   <trkpt lat="37.563410000000005" lon="-93.54214">
    <ele>287.77000000000004</ele>
   </trkpt>
   <trkpt lat="37.56351" lon="-93.5421">
    <ele>289.08</ele>
   </trkpt>
   <trkpt lat="37.56367" lon="-93.54209">
    <ele>292.43</ele>
   </trkpt>
   <trkpt lat="37.5638" lon="-93.5421">
    <ele>294.12000000000006</ele>
   </trkpt>
   <trkpt lat="37.564060000000005" lon="-93.54220000000001">
    <ele>297.18</ele>
   </trkpt>
   <trkpt lat="37.56429" lon="-93.54241">
    <ele>298.46</ele>
   </trkpt>
   <trkpt lat="37.564400000000006" lon="-93.54249">
    <ele>297.98</ele>
   </trkpt>
   <trkpt lat="37.56512749999031" lon="-93.5424575009532">
    <ele>292.79</ele>
   </trkpt>
   <trkpt lat="37.56585499997171" lon="-93.54242500127165">
    <ele>291.06000000000006</ele>
   </trkpt>
   <trkpt lat="37.566582499944204" lon="-93.5423925009553">
    <ele>290.81</ele>
   </trkpt>
   <trkpt lat="37.567310000000006" lon="-93.54236">
    <ele>288.35</ele>
   </trkpt>
   <trkpt lat="37.567440000000005" lon="-93.54229000000001">
    <ele>288.12000000000006</ele>
   </trkpt>
   <trkpt lat="37.56797" lon="-93.54169">
    <ele>287.83000000000004</ele>
   </trkpt>
   <trkpt lat="37.56808" lon="-93.54161">
    <ele>288.1</ele>
   </trkpt>
   <trkpt lat="37.56867000017395" lon="-93.54145500120872">
    <ele>291.66</ele>
   </trkpt>
   <trkpt lat="37.56926" lon="-93.5413">
    <ele>298.75</ele>
   </trkpt>
   <trkpt lat="37.56958" lon="-93.54129">
    <ele>299.97</ele>
   </trkpt>
   <trkpt lat="37.569770000000005" lon="-93.54133">
    <ele>299.74</ele>
   </trkpt>
   <trkpt lat="37.570040000000006" lon="-93.54146">
    <ele>298.38000000000005</ele>
   </trkpt>
   <trkpt lat="37.57043" lon="-93.54146">
    <ele>295.00000000000006</ele>
   </trkpt>
   <trkpt lat="37.5705" lon="-93.54151">
    <ele>294.12000000000006</ele>
   </trkpt>
   <trkpt lat="37.57056" lon="-93.5416">
    <ele>294.12000000000006</ele>
   </trkpt>
   <trkpt lat="37.570640000000004" lon="-93.54184000000001">
    <ele>291.47</ele>
   </trkpt>
   <trkpt lat="37.570750000000004" lon="-93.54196">
    <ele>290.83000000000004</ele>
   </trkpt>
   <trkpt lat="37.57096000000001" lon="-93.54196">
    <ele>291.03000000000003</ele>
   </trkpt>
   <trkpt lat="37.57106" lon="-93.54192">
    <ele>291.47</ele>
   </trkpt>
   <trkpt lat="37.571250000000006" lon="-93.54196">
    <ele>293.50000000000006</ele>
   </trkpt>
   <trkpt lat="37.57133" lon="-93.542">
    <ele>294.06000000000006</ele>
   </trkpt>
   <trkpt lat="37.571540000000006" lon="-93.54220000000001">
    <ele>297.44000000000005</ele>
   </trkpt>
   <trkpt lat="37.57141" lon="-93.54220000000001">
    <ele>297.8</ele>
   </trkpt>
   <trkpt lat="37.571400000000004" lon="-93.54221000000001">
    <ele>297.82000000000005</ele>
   </trkpt>
   <trkpt lat="37.5721825000116" lon="-93.54217500110343">
    <ele>300.65000000000003</ele>
   </trkpt>
   <trkpt lat="37.57296500001285" lon="-93.54214000147137">
    <ele>302.94000000000005</ele>
   </trkpt>
   <trkpt lat="37.573747500003776" lon="-93.54210500110379">
    <ele>304.93</ele>
   </trkpt>
   <trkpt lat="37.57453" lon="-93.54207000000001">
    <ele>308.36</ele>
   </trkpt>
   <trkpt lat="37.575365000001966" lon="-93.54204250092536">
    <ele>308.09000000000003</ele>
   </trkpt>
   <trkpt lat="37.57619999999754" lon="-93.54201500123399">
    <ele>307.79</ele>
   </trkpt>
   <trkpt lat="37.57703499998674" lon="-93.54198750092588">
    <ele>310.42</ele>
   </trkpt>
   <trkpt lat="37.577870000000004" lon="-93.54196">
    <ele>310.59000000000003</ele>
   </trkpt>
   <trkpt lat="37.57851" lon="-93.54196">
    <ele>313.6</ele>
   </trkpt>
   <trkpt lat="37.579187500017625" lon="-93.54193000081868">
    <ele>316.73</ele>
   </trkpt>
   <trkpt lat="37.57986500002766" lon="-93.5419000010914">
    <ele>321.20000000000005</ele>
   </trkpt>
   <trkpt lat="37.580542500030106" lon="-93.54187000081815">
    <ele>325.51</ele>
   </trkpt>
   <trkpt lat="37.58122" lon="-93.54184000000001">
    <ele>328.29</ele>
   </trkpt>
   <trkpt lat="37.58211500011801" lon="-93.54178000071444">
    <ele>330.05</ele>
   </trkpt>
   <trkpt lat="37.58301" lon="-93.54172000000001">
    <ele>329.17</ele>
   </trkpt>
   <trkpt lat="37.5836600001467" lon="-93.54170500012762">
    <ele>327.32</ele>
   </trkpt>
   <trkpt lat="37.58431" lon="-93.54169">
    <ele>320.55</ele>
   </trkpt>
   <trkpt lat="37.585060000110964" lon="-93.54165000039745">
    <ele>319.17</ele>
   </trkpt>
   <trkpt lat="37.58581" lon="-93.54161">
    <ele>317.77000000000004</ele>
   </trkpt>
   <trkpt lat="37.585820000000005" lon="-93.54161">
    <ele>317.70000000000005</ele>
   </trkpt>
   <trkpt lat="37.58579002407066" lon="-93.54054166450771">
    <ele>325.57</ele>
   </trkpt>
   <trkpt lat="37.58576003851297" lon="-93.53947332987599">
    <ele>327.23</ele>
   </trkpt>
   <trkpt lat="37.585730043326926" lon="-93.5384049961051">
    <ele>325.09000000000003</ele>
   </trkpt>
   <trkpt lat="37.58570003851255" lon="-93.53733666319532">
    <ele>322.72</ele>
   </trkpt>
   <trkpt lat="37.58567002406985" lon="-93.53626833114693">
    <ele>327.44</ele>
   </trkpt>
   <trkpt lat="37.585640000000005" lon="-93.5352">
    <ele>330.3</ele>
   </trkpt>
   <trkpt lat="37.58562251441987" lon="-93.53413249924171">
    <ele>325.55</ele>
   </trkpt>
   <trkpt lat="37.58560501922642" lon="-93.53306499898505">
    <ele>322.86</ele>
   </trkpt>
   <trkpt lat="37.58558751441967" lon="-93.53199749923033">
    <ele>320.38000000000005</ele>
   </trkpt>
   <trkpt lat="37.585570000000004" lon="-93.53093000000001">
    <ele>316.84000000000003</ele>
   </trkpt>
   <trkpt lat="37.5855471727683" lon="-93.52984285514651">
    <ele>314.71000000000004</ele>
   </trkpt>
   <trkpt lat="37.58552433556623" lon="-93.52875571095991">
    <ele>314.07</ele>
   </trkpt>
   <trkpt lat="37.585501488393795" lon="-93.52766856744051">
    <ele>308.82000000000005</ele>
   </trkpt>
   <trkpt lat="37.585478631251036" lon="-93.52658142458861">
    <ele>305.12</ele>
   </trkpt>
   <trkpt lat="37.58545576413795" lon="-93.5254942824045">
    <ele>298.71000000000004</ele>
   </trkpt>
   <trkpt lat="37.58543288705456" lon="-93.52440714088841">
    <ele>294.32</ele>
   </trkpt>
   <trkpt lat="37.58541" lon="-93.52332000000001">
    <ele>297.21000000000004</ele>
   </trkpt>
   <trkpt lat="37.586144999782356" lon="-93.52329000030528">
    <ele>294.43</ele>
   </trkpt>
   <trkpt lat="37.58688" lon="-93.52326000000001">
    <ele>293.65000000000003</ele>
   </trkpt>
   <trkpt lat="37.58748000005127" lon="-93.52325333344025">
    <ele>292.87</ele>
   </trkpt>
   <trkpt lat="37.588080000102146" lon="-93.52324666677302">
    <ele>291.97</ele>
   </trkpt>
   <trkpt lat="37.588680000000004" lon="-93.52324">
    <ele>291.17</ele>
   </trkpt>
   <trkpt lat="37.58925" lon="-93.5232">
    <ele>289.42</ele>
   </trkpt>
   <trkpt lat="37.58975000010392" lon="-93.52303000114817">
    <ele>289.27000000000004</ele>
   </trkpt>
   <trkpt lat="37.590250000000005" lon="-93.52286000000001">
    <ele>289.26</ele>
   </trkpt>
   <trkpt lat="37.59047" lon="-93.52281">
    <ele>289.98</ele>
   </trkpt>
   <trkpt lat="37.590700000000005" lon="-93.5228">
    <ele>292.86</ele>
   </trkpt>
   <trkpt lat="37.590770000000006" lon="-93.52281">
    <ele>292.86</ele>
   </trkpt>
   <trkpt lat="37.591190000000005" lon="-93.52304000000001">
    <ele>295.91</ele>
   </trkpt>
   <trkpt lat="37.591370000000005" lon="-93.52308000000001">
    <ele>297.31</ele>
   </trkpt>
   <trkpt lat="37.592193333359745" lon="-93.52304333536172">
    <ele>301.49</ele>
   </trkpt>
   <trkpt lat="37.59301666670813" lon="-93.52300666991218">
    <ele>302.19</ele>
   </trkpt>
   <trkpt lat="37.59384000004519" lon="-93.52297000365134">
    <ele>297.22</ele>
   </trkpt>
   <trkpt lat="37.594663333370896" lon="-93.52293333657913">
    <ele>300.67</ele>
   </trkpt>
   <trkpt lat="37.59548666668527" lon="-93.52289666869555">
    <ele>305.94000000000005</ele>
   </trkpt>
   <trkpt lat="37.59631" lon="-93.52286000000001">
    <ele>309.44000000000005</ele>
   </trkpt>
   <trkpt lat="37.596320000000006" lon="-93.52286000000001">
    <ele>309.48</ele>
   </trkpt>
   <trkpt lat="37.59629251042243" lon="-93.52195249899728">
    <ele>311.67</ele>
   </trkpt>
   <trkpt lat="37.596265013896634" lon="-93.52104499866518">
    <ele>312.83000000000004</ele>
   </trkpt>
   <trkpt lat="37.59623751042262" lon="-93.52013749900382">
    <ele>312.79</ele>
   </trkpt>
   <trkpt lat="37.596210000000006" lon="-93.51923000000001">
    <ele>312.70000000000005</ele>
   </trkpt>
   <trkpt lat="37.5962" lon="-93.51859">
    <ele>312.98</ele>
   </trkpt>
   <trkpt lat="37.59622" lon="-93.51823">
    <ele>313.04</ele>
   </trkpt>
   <trkpt lat="37.59619001052064" lon="-93.51711333244658">
    <ele>313.90000000000003</ele>
   </trkpt>
   <trkpt lat="37.59616001052098" lon="-93.51599666579341">
    <ele>317.98</ele>
   </trkpt>
   <trkpt lat="37.59613" lon="-93.51488">
    <ele>320.19</ele>
   </trkpt>
   <trkpt lat="37.59609000355993" lon="-93.51395999926318">
    <ele>321.38</ele>
   </trkpt>
   <trkpt lat="37.596050000000005" lon="-93.51304">
    <ele>321.89</ele>
   </trkpt>
   <trkpt lat="37.59602000376573" lon="-93.51209499957422">
    <ele>323.54</ele>
   </trkpt>
   <trkpt lat="37.59599" lon="-93.51115">
    <ele>329.03000000000003</ele>
   </trkpt>
   <trkpt lat="37.59597000381189" lon="-93.51019999997187">
    <ele>332.74</ele>
   </trkpt>
   <trkpt lat="37.59595" lon="-93.50925000000001">
    <ele>333.77</ele>
   </trkpt>
   <trkpt lat="37.595960000000005" lon="-93.50918">
    <ele>333.46000000000004</ele>
   </trkpt>
   <trkpt lat="37.595980000000004" lon="-93.50914">
    <ele>333.46000000000004</ele>
   </trkpt>
   <trkpt lat="37.596030000000006" lon="-93.50914">
    <ele>332.95</ele>
   </trkpt>
   <trkpt lat="37.59687250002615" lon="-93.50911000101851">
    <ele>326.62</ele>
   </trkpt>
   <trkpt lat="37.597715000044715" lon="-93.5090800013577">
    <ele>315.31</ele>
   </trkpt>
   <trkpt lat="37.598557500055676" lon="-93.50905000101751">
    <ele>309.38000000000005</ele>
   </trkpt>
   <trkpt lat="37.5994" lon="-93.50902">
    <ele>312.57</ele>
   </trkpt>
   <trkpt lat="37.599470000000004" lon="-93.50901">
    <ele>314.27000000000004</ele>
   </trkpt>
   <trkpt lat="37.599540000000005" lon="-93.50896">
    <ele>314.68</ele>
   </trkpt>
   <trkpt lat="37.599560000000004" lon="-93.50887">
    <ele>315.37</ele>
   </trkpt>
   <trkpt lat="37.59953501136137" lon="-93.507922499033">
    <ele>319.69</ele>
   </trkpt>
   <trkpt lat="37.599510015148276" lon="-93.50697499870257">
    <ele>323.83</ele>
   </trkpt>
   <trkpt lat="37.59948501136073" lon="-93.5060274990089">
    <ele>326.17</ele>
   </trkpt>
   <trkpt lat="37.59946" lon="-93.50508">
    <ele>325.96000000000004</ele>
   </trkpt>
   <trkpt lat="37.59946" lon="-93.50397000000001">
    <ele>320.61</ele>
   </trkpt>
   <trkpt lat="37.59943751587435" lon="-93.50284999894079">
    <ele>308.20000000000005</ele>
   </trkpt>
   <trkpt lat="37.59941502116521" lon="-93.50172999855864">
    <ele>303.35</ele>
   </trkpt>
   <trkpt lat="37.59939251587259" lon="-93.5006099988539">
    <ele>302.95</ele>
   </trkpt>
   <trkpt lat="37.59937" lon="-93.49949000000001">
    <ele>302.65000000000003</ele>
   </trkpt>
   <trkpt lat="37.599345010480725" lon="-93.49857999910492">
    <ele>302.69</ele>
   </trkpt>
   <trkpt lat="37.5993200139747" lon="-93.49766999882118">
    <ele>306.99</ele>
   </trkpt>
   <trkpt lat="37.599295010481924" lon="-93.49675999914899">
    <ele>314.66</ele>
   </trkpt>
   <trkpt lat="37.599270000000004" lon="-93.49585">
    <ele>317.54</ele>
   </trkpt>
   <trkpt lat="37.599240002194655" lon="-93.49512999989608">
    <ele>320.52000000000004</ele>
   </trkpt>
   <trkpt lat="37.59921000000001" lon="-93.49441">
    <ele>323.78000000000003</ele>
   </trkpt>
   <trkpt lat="37.599181284204796" lon="-93.4933337470924">
    <ele>321.04</ele>
   </trkpt>
   <trkpt lat="37.59915255863678" lon="-93.4922574950157">
    <ele>316.8</ele>
   </trkpt>
   <trkpt lat="37.599123823295955" lon="-93.49118124377019">
    <ele>316.63</ele>
   </trkpt>
   <trkpt lat="37.59909507818235" lon="-93.49010499335616">
    <ele>320.28000000000003</ele>
   </trkpt>
   <trkpt lat="37.599066323296" lon="-93.48902874377387">
    <ele>324.09999999999997</ele>
   </trkpt>
   <trkpt lat="37.5990375586369" lon="-93.48795249502362">
    <ele>322.26000000000005</ele>
   </trkpt>
   <trkpt lat="37.59900878420507" lon="-93.48687624710568">
    <ele>321.28000000000003</ele>
   </trkpt>
   <trkpt lat="37.598980000000005" lon="-93.48580000000001">
    <ele>324.39</ele>
   </trkpt>
   <trkpt lat="37.59985625003778" lon="-93.4857625030919">
    <ele>323.96000000000004</ele>
   </trkpt>
   <trkpt lat="37.60073250006368" lon="-93.48572500530051">
    <ele>324.63</ele>
   </trkpt>
   <trkpt lat="37.601608750077716" lon="-93.48568750662584">
    <ele>327.23</ele>
   </trkpt>
   <trkpt lat="37.6024850000799" lon="-93.48565000706782">
    <ele>330.13000000000005</ele>
   </trkpt>
   <trkpt lat="37.603361250070215" lon="-93.4856125066264">
    <ele>330.87000000000006</ele>
   </trkpt>
   <trkpt lat="37.604237500048654" lon="-93.48557500530154">
    <ele>330.5</ele>
   </trkpt>
   <trkpt lat="37.60511375001524" lon="-93.4855375030932">
    <ele>331.31000000000006</ele>
   </trkpt>
   <trkpt lat="37.605990000000006" lon="-93.4855">
    <ele>334.23</ele>
   </trkpt>
   <trkpt lat="37.606100000000005" lon="-93.48547">
    <ele>335.16</ele>
   </trkpt>
   <trkpt lat="37.606190000000005" lon="-93.48541">
    <ele>335.31000000000006</ele>
   </trkpt>
   <trkpt lat="37.60625" lon="-93.48528">
    <ele>335.6</ele>
   </trkpt>
   <trkpt lat="37.60627" lon="-93.48519">
    <ele>335.69000000000005</ele>
   </trkpt>
   <trkpt lat="37.6062475125301" lon="-93.48419499909393">
    <ele>334.69000000000005</ele>
   </trkpt>
   <trkpt lat="37.60622501670675" lon="-93.4831999987896">
    <ele>332.33</ele>
   </trkpt>
   <trkpt lat="37.60620251252995" lon="-93.48220499908722">
    <ele>328.54</ele>
   </trkpt>
   <trkpt lat="37.60618" lon="-93.48121">
    <ele>327.8</ele>
   </trkpt>
   <trkpt lat="37.6062" lon="-93.48111">
    <ele>327.8</ele>
   </trkpt>
   <trkpt lat="37.606260000000006" lon="-93.48100000000001">
    <ele>327.8</ele>
   </trkpt>
   <trkpt lat="37.606350000000006" lon="-93.48093">
    <ele>327.77</ele>
   </trkpt>
   <trkpt lat="37.60642" lon="-93.4809">
    <ele>327.85</ele>
   </trkpt>
   <trkpt lat="37.6071833333957" lon="-93.48086333408347">
    <ele>332.18</ele>
   </trkpt>
   <trkpt lat="37.60794666678007" lon="-93.48082666741438">
    <ele>335.12</ele>
   </trkpt>
   <trkpt lat="37.60871" lon="-93.48079000000001">
    <ele>337.11</ele>
   </trkpt>
   <trkpt lat="37.609375000165" lon="-93.48073500047919">
    <ele>333.6</ele>
   </trkpt>
   <trkpt lat="37.610040000000005" lon="-93.48068">
    <ele>329.29</ele>
   </trkpt>
   <trkpt lat="37.610560000181664" lon="-93.48063000033315">
    <ele>325.41</ele>
   </trkpt>
   <trkpt lat="37.61108" lon="-93.48058">
    <ele>323.57</ele>
   </trkpt>
   <trkpt lat="37.61186666672297" lon="-93.4805533338958">
    <ele>323.49</ele>
   </trkpt>
   <trkpt lat="37.61265333343994" lon="-93.48052666722742">
    <ele>325.19000000000005</ele>
   </trkpt>
   <trkpt lat="37.613440000000004" lon="-93.4805">
    <ele>327.35</ele>
   </trkpt>
   <trkpt lat="37.613440000000004" lon="-93.48055000000001">
    <ele>327.43000000000006</ele>
   </trkpt>
   <trkpt lat="37.6137" lon="-93.48058">
    <ele>326.83</ele>
   </trkpt>
   <trkpt lat="37.614570625097215" lon="-93.48054063191577">
    <ele>327.26000000000005</ele>
   </trkpt>
   <trkpt lat="37.61544125018135" lon="-93.48050126290968">
    <ele>329.40000000000003</ele>
   </trkpt>
   <trkpt lat="37.61631187525239" lon="-93.48046189298168">
    <ele>330.90000000000003</ele>
   </trkpt>
   <trkpt lat="37.61718250031038" lon="-93.48042252213172">
    <ele>333.68</ele>
   </trkpt>
   <trkpt lat="37.61805312535526" lon="-93.48038315035974">
    <ele>335.23</ele>
   </trkpt>
   <trkpt lat="37.61892375038709" lon="-93.4803437776657">
    <ele>336.37</ele>
   </trkpt>
   <trkpt lat="37.61979437540582" lon="-93.48030440404952">
    <ele>337.54</ele>
   </trkpt>
   <trkpt lat="37.620665000411456" lon="-93.48026502951122">
    <ele>337.91</ele>
   </trkpt>
   <trkpt lat="37.62153562540402" lon="-93.48022565405068">
    <ele>335.03000000000003</ele>
   </trkpt>
   <trkpt lat="37.622406250383506" lon="-93.48018627766788">
    <ele>331.8</ele>
   </trkpt>
   <trkpt lat="37.62327687534991" lon="-93.48014690036275">
    <ele>333.23</ele>
   </trkpt>
   <trkpt lat="37.624147500303216" lon="-93.48010752213527">
    <ele>336.66</ele>
   </trkpt>
   <trkpt lat="37.625018125243436" lon="-93.48006814298539">
    <ele>336.89000000000004</ele>
   </trkpt>
   <trkpt lat="37.62588875017058" lon="-93.48002876291301">
    <ele>340.04</ele>
   </trkpt>
   <trkpt lat="37.62675937508463" lon="-93.47998938191812">
    <ele>344.75</ele>
   </trkpt>
   <trkpt lat="37.62763" lon="-93.47995">
    <ele>344.91</ele>
   </trkpt>
   <trkpt lat="37.62774" lon="-93.47997000000001">
    <ele>344.2</ele>
   </trkpt>
   <trkpt lat="37.627790000000005" lon="-93.48002000000001">
    <ele>344.2</ele>
   </trkpt>
   <trkpt lat="37.627840000000006" lon="-93.48007000000001">
    <ele>344.15</ele>
   </trkpt>
   <trkpt lat="37.62791" lon="-93.48027">
    <ele>343.6</ele>
   </trkpt>
   <trkpt lat="37.627932014535816" lon="-93.48119799891153">
    <ele>339.53000000000003</ele>
   </trkpt>
   <trkpt lat="37.627954021803866" lon="-93.48212599837268">
    <ele>341.19000000000005</ele>
   </trkpt>
   <trkpt lat="37.627976021804116" lon="-93.4830539983833">
    <ele>345.14</ele>
   </trkpt>
   <trkpt lat="37.62799801453659" lon="-93.4839819989432">
    <ele>344.31</ele>
   </trkpt>
   <trkpt lat="37.62802000000001" lon="-93.48491000000001">
    <ele>341.38</ele>
   </trkpt>
   <trkpt lat="37.62821" lon="-93.48499000000001">
    <ele>341.08000000000004</ele>
   </trkpt>
   <trkpt lat="37.62838" lon="-93.48501">
    <ele>340.98</ele>
   </trkpt>
   <trkpt lat="37.62915857145698" lon="-93.48498000188546">
    <ele>342.26</ele>
   </trkpt>
   <trkpt lat="37.62993714290637" lon="-93.48495000314242">
    <ele>343.44</ele>
   </trkpt>
   <trkpt lat="37.63071571434818" lon="-93.48492000377082">
    <ele>345.14</ele>
   </trkpt>
   <trkpt lat="37.63149428578238" lon="-93.48489000377067">
    <ele>345.69000000000005</ele>
   </trkpt>
   <trkpt lat="37.63227285720899" lon="-93.48486000314193">
    <ele>347.38</ele>
   </trkpt>
   <trkpt lat="37.63305142862799" lon="-93.48483000188453">
    <ele>354.12000000000006</ele>
   </trkpt>
   <trkpt lat="37.63383" lon="-93.4848">
    <ele>361.82000000000005</ele>
   </trkpt>
   <trkpt lat="37.6344199998642" lon="-93.48477000024529">
    <ele>363.15000000000003</ele>
   </trkpt>
   <trkpt lat="37.63501" lon="-93.48474">
    <ele>361.44000000000005</ele>
   </trkpt>
   <trkpt lat="37.635160000000006" lon="-93.48479">
    <ele>360.13</ele>
   </trkpt>
   <trkpt lat="37.63526" lon="-93.48492">
    <ele>357.91</ele>
   </trkpt>
   <trkpt lat="37.63532" lon="-93.48505">
    <ele>356.93</ele>
   </trkpt>
   <trkpt lat="37.63534000000001" lon="-93.48523">
    <ele>355.92</ele>
   </trkpt>
   <trkpt lat="37.63532" lon="-93.4859">
    <ele>355.51000000000005</ele>
   </trkpt>
   <trkpt lat="37.63534667510638" lon="-93.48689999927629">
    <ele>358.95000000000005</ele>
   </trkpt>
   <trkpt lat="37.63537334177289" lon="-93.48789999927045">
    <ele>361.78000000000003</ele>
   </trkpt>
   <trkpt lat="37.635400000000004" lon="-93.4889">
    <ele>359.74</ele>
   </trkpt>
   <trkpt lat="37.63544" lon="-93.48916000000001">
    <ele>358.92</ele>
   </trkpt>
   <trkpt lat="37.63557" lon="-93.48931">
    <ele>360.13</ele>
   </trkpt>
   <trkpt lat="37.635720000000006" lon="-93.48932">
    <ele>361.23</ele>
   </trkpt>
   <trkpt lat="37.636412499997675" lon="-93.4892825010496">
    <ele>364.9</ele>
   </trkpt>
   <trkpt lat="37.63710499998348" lon="-93.48924500140023">
    <ele>366.37</ele>
   </trkpt>
   <trkpt lat="37.63779749995742" lon="-93.48920750105182">
    <ele>366.62000000000006</ele>
   </trkpt>
   <trkpt lat="37.638490000000004" lon="-93.48917">
    <ele>367.20000000000005</ele>
   </trkpt>
   <trkpt lat="37.63933000002144" lon="-93.48913800144707">
    <ele>365.18</ele>
   </trkpt>
   <trkpt lat="37.640170000034225" lon="-93.48910600217057">
    <ele>361.21000000000004</ele>
   </trkpt>
   <trkpt lat="37.64101000003838" lon="-93.48907400217044">
    <ele>357.00000000000006</ele>
   </trkpt>
   <trkpt lat="37.64185000003387" lon="-93.48904200144668">
    <ele>349.06</ele>
   </trkpt>
   <trkpt lat="37.64269" lon="-93.48901000000001">
    <ele>347.04</ele>
   </trkpt>
   <trkpt lat="37.642667511486394" lon="-93.48805749913163">
    <ele>351.25</ele>
   </trkpt>
   <trkpt lat="37.64264501531513" lon="-93.48710499884004">
    <ele>354.71000000000004</ele>
   </trkpt>
   <trkpt lat="37.64262251148624" lon="-93.48615249912545">
    <ele>362.21000000000004</ele>
   </trkpt>
   <trkpt lat="37.6426" lon="-93.4852">
    <ele>371.23</ele>
   </trkpt>
   <trkpt lat="37.64257500263255" lon="-93.48440999969347">
    <ele>373.47</ele>
   </trkpt>
   <trkpt lat="37.64255" lon="-93.48362">
    <ele>369.04</ele>
   </trkpt>
   <trkpt lat="37.642500000000005" lon="-93.48344">
    <ele>368.47</ele>
   </trkpt>
   <trkpt lat="37.64215" lon="-93.48299">
    <ele>368.53000000000003</ele>
   </trkpt>
   <trkpt lat="37.64209" lon="-93.48288000000001">
    <ele>368.88000000000005</ele>
   </trkpt>
   <trkpt lat="37.64202" lon="-93.48270000000001">
    <ele>369.81</ele>
   </trkpt>
   <trkpt lat="37.642010000000006" lon="-93.48249000000001">
    <ele>370.14000000000004</ele>
   </trkpt>
   <trkpt lat="37.642010000000006" lon="-93.48251">
    <ele>370.13</ele>
   </trkpt>
   <trkpt lat="37.64202" lon="-93.48237">
    <ele>370.21000000000004</ele>
   </trkpt>
   <trkpt lat="37.64206" lon="-93.48223">
    <ele>370.43</ele>
   </trkpt>
   <trkpt lat="37.64211" lon="-93.48214">
    <ele>370.59000000000003</ele>
   </trkpt>
   <trkpt lat="37.64233" lon="-93.48201">
    <ele>371.20000000000005</ele>
   </trkpt>
   <trkpt lat="37.642500000000005" lon="-93.48179">
    <ele>372.4</ele>
   </trkpt>
   <trkpt lat="37.642520000000005" lon="-93.48161">
    <ele>373.78000000000003</ele>
   </trkpt>
   <trkpt lat="37.642485002314416" lon="-93.48086999972367">
    <ele>374.32000000000005</ele>
   </trkpt>
   <trkpt lat="37.642450000000004" lon="-93.48013">
    <ele>367.19</ele>
   </trkpt>
   <trkpt lat="37.6424325141595" lon="-93.47907249931515">
    <ele>354.50000000000006</ele>
   </trkpt>
   <trkpt lat="37.642415018880016" lon="-93.47801499912825">
    <ele>352.25</ele>
   </trkpt>
   <trkpt lat="37.64239751416155" lon="-93.4769574994396">
    <ele>358.58</ele>
   </trkpt>
   <trkpt lat="37.64238" lon="-93.47590000000001">
    <ele>366.12000000000006</ele>
   </trkpt>
   <trkpt lat="37.64235335689391" lon="-93.47484333144992">
    <ele>361.98</ele>
   </trkpt>
   <trkpt lat="37.64232670436369" lon="-93.47378666365793">
    <ele>356.36</ele>
   </trkpt>
   <trkpt lat="37.642300042409374" lon="-93.4727299966243">
    <ele>358.85</ele>
   </trkpt>
   <trkpt lat="37.64227337103096" lon="-93.47167333034928">
    <ele>368.03000000000003</ele>
   </trkpt>
   <trkpt lat="37.642246690228475" lon="-93.47061666483314">
    <ele>375.6</ele>
   </trkpt>
   <trkpt lat="37.64222" lon="-93.46956">
    <ele>378.32000000000005</ele>
   </trkpt>
   <trkpt lat="37.642050000000005" lon="-93.4693">
    <ele>378.89</ele>
   </trkpt>
   <trkpt lat="37.641282005040026" lon="-93.4687539774277">
    <ele>378.78</ele>
   </trkpt>
   <trkpt lat="37.64051400756369" lon="-93.46820796614473">
    <ele>377.02000000000004</ele>
   </trkpt>
   <trkpt lat="37.63974600757113" lon="-93.46766196615063">
    <ele>372.51</ele>
   </trkpt>
   <trkpt lat="37.63897800506246" lon="-93.46711597744483">
    <ele>365.93</ele>
   </trkpt>
   <trkpt lat="37.63821" lon="-93.46657">
    <ele>360.00000000000006</ele>
   </trkpt>
   <trkpt lat="37.637980000000006" lon="-93.46644">
    <ele>357.65000000000003</ele>
   </trkpt>
   <trkpt lat="37.63712000012615" lon="-93.4664199997714">
    <ele>349.92</ele>
   </trkpt>
   <trkpt lat="37.63626" lon="-93.46640000000001">
    <ele>348.38</ele>
   </trkpt>
   <trkpt lat="37.63626" lon="-93.46628000000001">
    <ele>348.11</ele>
   </trkpt>
   <trkpt lat="37.63626" lon="-93.46627000000001">
    <ele>348.11</ele>
   </trkpt>
   <trkpt lat="37.63626" lon="-93.46589">
    <ele>347.13000000000005</ele>
   </trkpt>
   <trkpt lat="37.63611" lon="-93.46558">
    <ele>346.90000000000003</ele>
   </trkpt>
   <trkpt lat="37.635830000000006" lon="-93.46504">
    <ele>347.58000000000004</ele>
   </trkpt>
   <trkpt lat="37.635850000000005" lon="-93.46477">
    <ele>348.17</ele>
   </trkpt>
   <trkpt lat="37.636210000000005" lon="-93.46374">
    <ele>348.59000000000003</ele>
   </trkpt>
   <trkpt lat="37.63622" lon="-93.46338">
    <ele>347.86</ele>
   </trkpt>
   <trkpt lat="37.63622" lon="-93.46337000000001">
    <ele>347.85</ele>
   </trkpt>
   <trkpt lat="37.63645" lon="-93.46339">
    <ele>348.04</ele>
   </trkpt>
   <trkpt lat="37.636590000000005" lon="-93.46344">
    <ele>348.59000000000003</ele>
   </trkpt>
   <trkpt lat="37.63669" lon="-93.46353">
    <ele>348.59000000000003</ele>
   </trkpt>
   <trkpt lat="37.6368" lon="-93.46367000000001">
    <ele>349.46999999999997</ele>
   </trkpt>
   <trkpt lat="37.636880000000005" lon="-93.46383">
    <ele>349.90000000000003</ele>
   </trkpt>
   <trkpt lat="37.63702" lon="-93.46419">
    <ele>351.07000000000005</ele>
   </trkpt>
   <trkpt lat="37.63711" lon="-93.46433">
    <ele>351.54</ele>
   </trkpt>
   <trkpt lat="37.63725" lon="-93.46446">
    <ele>352.90999999999997</ele>
   </trkpt>
   <trkpt lat="37.637920001004346" lon="-93.46495499551433">
    <ele>358.13</ele>
   </trkpt>
   <trkpt lat="37.63859" lon="-93.46545">
    <ele>362.53000000000003</ele>
   </trkpt>
   <trkpt lat="37.638720000000006" lon="-93.46553">
    <ele>364.56000000000006</ele>
   </trkpt>
   <trkpt lat="37.6394" lon="-93.46569000000001">
    <ele>370.66</ele>
   </trkpt>
   <trkpt lat="37.63958" lon="-93.46577">
    <ele>372.54</ele>
   </trkpt>
   <trkpt lat="37.639770000000006" lon="-93.46594">
    <ele>374.08000000000004</ele>
   </trkpt>
   <trkpt lat="37.64029" lon="-93.46648">
    <ele>378.00000000000006</ele>
   </trkpt>
   <trkpt lat="37.640530000000005" lon="-93.4667">
    <ele>379.08000000000004</ele>
   </trkpt>
   <trkpt lat="37.641200000000005" lon="-93.46716">
    <ele>380.48</ele>
   </trkpt>
   <trkpt lat="37.64143" lon="-93.46725">
    <ele>380.87000000000006</ele>
   </trkpt>
   <trkpt lat="37.64215" lon="-93.46724">
    <ele>382.07</ele>
   </trkpt>
   <trkpt lat="37.642140000000005" lon="-93.46709000000001">
    <ele>381.77000000000004</ele>
   </trkpt>
   <trkpt lat="37.642140000000005" lon="-93.46708000000001">
    <ele>381.77000000000004</ele>
   </trkpt>
   <trkpt lat="37.64211500243442" lon="-93.46631999964785">
    <ele>378.90000000000003</ele>
   </trkpt>
   <trkpt lat="37.64209" lon="-93.46556000000001">
    <ele>380.44000000000005</ele>
   </trkpt>
   <trkpt lat="37.64207401422584" lon="-93.46464199920855">
    <ele>381.08000000000004</ele>
   </trkpt>
   <trkpt lat="37.642058021338734" lon="-93.46372399881226">
    <ele>377.57</ele>
   </trkpt>
   <trkpt lat="37.64204202133872" lon="-93.46280599881133">
    <ele>375.92</ele>
   </trkpt>
   <trkpt lat="37.64202601422577" lon="-93.46188799920591">
    <ele>375.26000000000005</ele>
   </trkpt>
   <trkpt lat="37.642010000000006" lon="-93.46097">
    <ele>371.89000000000004</ele>
   </trkpt>
   <trkpt lat="37.64198500290666" lon="-93.46013999969934">
    <ele>365.74</ele>
   </trkpt>
   <trkpt lat="37.641960000000005" lon="-93.45931">
    <ele>358.52</ele>
   </trkpt>
   <trkpt lat="37.64195500146895" lon="-93.45871999994883">
    <ele>354.94</ele>
   </trkpt>
   <trkpt lat="37.64195" lon="-93.45813000000001">
    <ele>351.76</ele>
   </trkpt>
   <trkpt lat="37.641931458341084" lon="-93.45704571267085">
    <ele>348.86</ele>
   </trkpt>
   <trkpt lat="37.64191290675898" lon="-93.45596142588309">
    <ele>348.96000000000004</ele>
   </trkpt>
   <trkpt lat="37.64189434525371" lon="-93.45487713963702">
    <ele>347.62</ele>
   </trkpt>
   <trkpt lat="37.641875773825305" lon="-93.45379285393295">
    <ele>343.98</ele>
   </trkpt>
   <trkpt lat="37.641857192473765" lon="-93.45270856877114">
    <ele>343.78000000000003</ele>
   </trkpt>
   <trkpt lat="37.64183860119908" lon="-93.45162428415189">
    <ele>341.7</ele>
   </trkpt>
   <trkpt lat="37.64182" lon="-93.45054">
    <ele>347.04</ele>
   </trkpt>
   <trkpt lat="37.641795002706175" lon="-93.44973999989897">
    <ele>351.88</ele>
   </trkpt>
   <trkpt lat="37.64177" lon="-93.44894000000001">
    <ele>353.45000000000005</ele>
   </trkpt>
   <trkpt lat="37.641748021175594" lon="-93.44781999869348">
    <ele>345.92</ele>
   </trkpt>
   <trkpt lat="37.641726031763575" lon="-93.44669999804984">
    <ele>340.81</ele>
   </trkpt>
   <trkpt lat="37.64170403176394" lon="-93.44557999806938">
    <ele>336.73</ele>
   </trkpt>
   <trkpt lat="37.64168202117674" lon="-93.44445999875246">
    <ele>335.16</ele>
   </trkpt>
   <trkpt lat="37.64166" lon="-93.44334">
    <ele>333.4800000000001</ele>
   </trkpt>
   <trkpt lat="37.641650000000006" lon="-93.44334">
    <ele>333.49</ele>
   </trkpt>
   <trkpt lat="37.64085166669683" lon="-93.44337000161147">
    <ele>334.41</ele>
   </trkpt>
   <trkpt lat="37.640053333386064" lon="-93.44340000257813">
    <ele>335.37</ele>
   </trkpt>
   <trkpt lat="37.639255000067685" lon="-93.44343000290003">
    <ele>335.36</ele>
   </trkpt>
   <trkpt lat="37.63845666674173" lon="-93.4434600025772">
    <ele>336.90000000000003</ele>
   </trkpt>
   <trkpt lat="37.63765833340817" lon="-93.44349000160969">
    <ele>338.73</ele>
   </trkpt>
   <trkpt lat="37.636860000000006" lon="-93.44352">
    <ele>335.62</ele>
   </trkpt>
   <trkpt lat="37.63674" lon="-93.44351">
    <ele>335.28000000000003</ele>
   </trkpt>
   <trkpt lat="37.636680000000005" lon="-93.44346">
    <ele>335.28000000000003</ele>
   </trkpt>
   <trkpt lat="37.63665000171273" lon="-93.44281999940517">
    <ele>333.22</ele>
   </trkpt>
   <trkpt lat="37.63662" lon="-93.44218000000001">
    <ele>333.29</ele>
   </trkpt>
   <trkpt lat="37.6366" lon="-93.44207">
    <ele>333.25000000000006</ele>
   </trkpt>
   <trkpt lat="37.63655" lon="-93.44199">
    <ele>333.25000000000006</ele>
   </trkpt>
   <trkpt lat="37.63602000044359" lon="-93.44162999736196">
    <ele>333.63000000000005</ele>
   </trkpt>
   <trkpt lat="37.635490000000004" lon="-93.44127">
    <ele>332.40000000000003</ele>
   </trkpt>
   <trkpt lat="37.63495500057792" lon="-93.44093499765334">
    <ele>331.86</ele>
   </trkpt>
   <trkpt lat="37.634420000000006" lon="-93.4406">
    <ele>332.88</ele>
   </trkpt>
   <trkpt lat="37.634310000000006" lon="-93.44046">
    <ele>333.6</ele>
   </trkpt>
   <trkpt lat="37.63429" lon="-93.44033">
    <ele>333.78000000000003</ele>
   </trkpt>
   <trkpt lat="37.634280001569806" lon="-93.439719999893">
    <ele>333.25000000000006</ele>
   </trkpt>
   <trkpt lat="37.63427" lon="-93.43911000000001">
    <ele>332.03000000000003</ele>
   </trkpt>
   <trkpt lat="37.634235015109276" lon="-93.4380174984325">
    <ele>329.09000000000003</ele>
   </trkpt>
   <trkpt lat="37.63420002014517" lon="-93.43692499789385">
    <ele>328.19000000000005</ele>
   </trkpt>
   <trkpt lat="37.634165015107726" lon="-93.43583249838437">
    <ele>326.51</ele>
   </trkpt>
   <trkpt lat="37.634130000000006" lon="-93.43474">
    <ele>320.78000000000003</ele>
   </trkpt>
   <trkpt lat="37.63411" lon="-93.4346">
    <ele>319.84000000000003</ele>
   </trkpt>
   <trkpt lat="37.63407" lon="-93.43455">
    <ele>319.40000000000003</ele>
   </trkpt>
   <trkpt lat="37.633950000000006" lon="-93.43452">
    <ele>318.03000000000003</ele>
   </trkpt>
   <trkpt lat="37.63310499992874" lon="-93.4345500003438">
    <ele>323.35</ele>
   </trkpt>
   <trkpt lat="37.63226" lon="-93.43458000000001">
    <ele>328.15000000000003</ele>
   </trkpt>
   <trkpt lat="37.631620000000005" lon="-93.43461">
    <ele>325.32000000000005</ele>
   </trkpt>
   <trkpt lat="37.63083833333724" lon="-93.43463166780626">
    <ele>317.32000000000005</ele>
   </trkpt>
   <trkpt lat="37.63005666667049" lon="-93.43465333515672">
    <ele>311.49000000000007</ele>
   </trkpt>
   <trkpt lat="37.629274999999794" lon="-93.43467500205139">
    <ele>308.62</ele>
   </trkpt>
   <trkpt lat="37.62849333332513" lon="-93.43469666849033">
    <ele>308.99</ele>
   </trkpt>
   <trkpt lat="37.62771166664651" lon="-93.43471833447353">
    <ele>311.15000000000003</ele>
   </trkpt>
   <trkpt lat="37.62693" lon="-93.43474">
    <ele>315.6</ele>
   </trkpt>
   <trkpt lat="37.62690602140016" lon="-93.43361399856462">
    <ele>316.85</ele>
   </trkpt>
   <trkpt lat="37.626882032100426" lon="-93.4324879978559">
    <ele>319.06</ele>
   </trkpt>
   <trkpt lat="37.62685803210082" lon="-93.43136199787415">
    <ele>322.48</ele>
   </trkpt>
   <trkpt lat="37.62683402140133" lon="-93.43023599861975">
    <ele>322.94</ele>
   </trkpt>
   <trkpt lat="37.626810000000006" lon="-93.42911000000001">
    <ele>320.46000000000004</ele>
   </trkpt>
   <trkpt lat="37.626800008049905" lon="-93.4281333330635">
    <ele>313.09000000000003</ele>
   </trkpt>
   <trkpt lat="37.62679000804983" lon="-93.42715666638968">
    <ele>306.95</ele>
   </trkpt>
   <trkpt lat="37.626780000000004" lon="-93.42618">
    <ele>305.89000000000004</ele>
   </trkpt>
   <trkpt lat="37.626760000000004" lon="-93.42591">
    <ele>306.52</ele>
   </trkpt>
   <trkpt lat="37.62673" lon="-93.42582">
    <ele>306.81</ele>
   </trkpt>
   <trkpt lat="37.62666" lon="-93.4257">
    <ele>307.16</ele>
   </trkpt>
   <trkpt lat="37.62613000049008" lon="-93.42535999757715">
    <ele>309.34</ele>
   </trkpt>
   <trkpt lat="37.625600000000006" lon="-93.42502">
    <ele>311.08000000000004</ele>
   </trkpt>
   <trkpt lat="37.62541" lon="-93.42484">
    <ele>311.42</ele>
   </trkpt>
   <trkpt lat="37.625370000000004" lon="-93.4247">
    <ele>311.56</ele>
   </trkpt>
   <trkpt lat="37.6253500058622" lon="-93.42386666628946">
    <ele>313.49000000000007</ele>
   </trkpt>
   <trkpt lat="37.625330005863916" lon="-93.42303333302729">
    <ele>317.51</ele>
   </trkpt>
   <trkpt lat="37.625310000000006" lon="-93.4222">
    <ele>320.78000000000003</ele>
   </trkpt>
   <trkpt lat="37.6253" lon="-93.42213000000001">
    <ele>321.01</ele>
   </trkpt>
   <trkpt lat="37.624754999849266" lon="-93.42214500011416">
    <ele>319.44</ele>
   </trkpt>
   <trkpt lat="37.624210000000005" lon="-93.42216">
    <ele>319.40000000000003</ele>
   </trkpt>
   <trkpt lat="37.624210000000005" lon="-93.42193">
    <ele>319.31000000000006</ele>
   </trkpt>
   <trkpt lat="37.62337" lon="-93.42194">
    <ele>318.5</ele>
   </trkpt>
   <trkpt lat="37.62337" lon="-93.42102000000001">
    <ele>323.39</ele>
   </trkpt>
   <trkpt lat="37.62308" lon="-93.42104">
    <ele>323.31000000000006</ele>
   </trkpt>
   <trkpt lat="37.622215000001596" lon="-93.42106500029094">
    <ele>323.5</ele>
   </trkpt>
   <trkpt lat="37.62135" lon="-93.42109">
    <ele>326.81000000000006</ele>
   </trkpt>
   <trkpt lat="37.62135" lon="-93.42107000000001">
    <ele>326.83</ele>
   </trkpt>
   <trkpt lat="37.621330016091086" lon="-93.4199424990506">
    <ele>329.09000000000003</ele>
   </trkpt>
   <trkpt lat="37.6213100214543" lon="-93.41881499870752">
    <ele>330.97</ele>
   </trkpt>
   <trkpt lat="37.62129001608967" lon="-93.4176874989711">
    <ele>329.18</ele>
   </trkpt>
   <trkpt lat="37.62127" lon="-93.41656">
    <ele>328.68</ele>
   </trkpt>
   <trkpt lat="37.62048" lon="-93.4166">
    <ele>330.56</ele>
   </trkpt>
   <trkpt lat="37.62012" lon="-93.41657000000001">
    <ele>331.02000000000004</ele>
   </trkpt>
   <trkpt lat="37.619800000000005" lon="-93.41642">
    <ele>331.03000000000003</ele>
   </trkpt>
   <trkpt lat="37.61947" lon="-93.41623000000001">
    <ele>330.77</ele>
   </trkpt>
   <trkpt lat="37.6195" lon="-93.41555000000001">
    <ele>329.61</ele>
   </trkpt>
   <trkpt lat="37.619490001422825" lon="-93.41497000012126">
    <ele>328.18</ele>
   </trkpt>
   <trkpt lat="37.61948" lon="-93.41439000000001">
    <ele>327.38</ele>
   </trkpt>
   <trkpt lat="37.61927" lon="-93.41432">
    <ele>327.15000000000003</ele>
   </trkpt>
   <trkpt lat="37.61849" lon="-93.41396">
    <ele>325.91</ele>
   </trkpt>
   <trkpt lat="37.617770000486" lon="-93.41359999648351">
    <ele>325.68</ele>
   </trkpt>
   <trkpt lat="37.617050000000006" lon="-93.41324">
    <ele>326.94</ele>
   </trkpt>
   <trkpt lat="37.61656000039717" lon="-93.41299999849393">
    <ele>327.85</ele>
   </trkpt>
   <trkpt lat="37.61607" lon="-93.41276">
    <ele>327.98</ele>
   </trkpt>
   <trkpt lat="37.61635751042498" lon="-93.41185251052428">
    <ele>326.87000000000006</ele>
   </trkpt>
   <trkpt lat="37.61664501390057" lon="-93.4109450140307">
    <ele>325.12</ele>
   </trkpt>
   <trkpt lat="37.616932510426686" lon="-93.4100375105193">
    <ele>322.54</ele>
   </trkpt>
   <trkpt lat="37.61722" lon="-93.40913">
    <ele>319.92</ele>
   </trkpt>
   <trkpt lat="37.61722" lon="-93.40914000000001">
    <ele>319.94</ele>
   </trkpt>
   <trkpt lat="37.61742500197952" lon="-93.40846000178017">
    <ele>318.37000000000006</ele>
   </trkpt>
   <trkpt lat="37.617630000000005" lon="-93.40778">
    <ele>318.20000000000005</ele>
   </trkpt>
   <trkpt lat="37.61769" lon="-93.40745000000001">
    <ele>318.29</ele>
   </trkpt>
   <trkpt lat="37.618537500011264" lon="-93.40744750008548">
    <ele>320.07</ele>
   </trkpt>
   <trkpt lat="37.61938500002246" lon="-93.40744500011395">
    <ele>323.33</ele>
   </trkpt>
   <trkpt lat="37.62023250003361" lon="-93.4074425000854">
    <ele>326.35</ele>
   </trkpt>
   <trkpt lat="37.621080000000006" lon="-93.40744000000001">
    <ele>328.74</ele>
   </trkpt>
   <trkpt lat="37.62109" lon="-93.40744000000001">
    <ele>328.74</ele>
   </trkpt>
   <trkpt lat="37.62191500002204" lon="-93.40741833453528">
    <ele>328.11</ele>
   </trkpt>
   <trkpt lat="37.62274000004011" lon="-93.40739666858968">
    <ele>325.34000000000003</ele>
   </trkpt>
   <trkpt lat="37.623565000054235" lon="-93.40737500216319">
    <ele>323.07</ele>
   </trkpt>
   <trkpt lat="37.62439000006439" lon="-93.40735333525578">
    <ele>322.19</ele>
   </trkpt>
   <trkpt lat="37.625215000070575" lon="-93.40733166786741">
    <ele>322.19</ele>
   </trkpt>
   <trkpt lat="37.62604" lon="-93.40731000000001">
    <ele>322.32000000000005</ele>
   </trkpt>
   <trkpt lat="37.62673" lon="-93.40733">
    <ele>321.86</ele>
   </trkpt>
   <trkpt lat="37.62755999985902" lon="-93.40731000022679">
    <ele>320.33</ele>
   </trkpt>
   <trkpt lat="37.62839" lon="-93.40729">
    <ele>320.06</ele>
   </trkpt>
   <trkpt lat="37.62906666667412" lon="-93.40725666727376">
    <ele>319.36</ele>
   </trkpt>
   <trkpt lat="37.62974333333887" lon="-93.40722333394052">
    <ele>317.71999999999997</ele>
   </trkpt>
   <trkpt lat="37.63042" lon="-93.40719000000001">
    <ele>314.63</ele>
   </trkpt>
   <trkpt lat="37.63122750002773" lon="-93.40717500048852">
    <ele>312.63</ele>
   </trkpt>
   <trkpt lat="37.63203500005354" lon="-93.40716000065105">
    <ele>312.63</ele>
   </trkpt>
   <trkpt lat="37.63284250007747" lon="-93.40714500048762">
    <ele>315.11</ele>
   </trkpt>
   <trkpt lat="37.63365" lon="-93.40713000000001">
    <ele>316.46000000000004</ele>
   </trkpt>
   <trkpt lat="37.633660000000006" lon="-93.40713000000001">
    <ele>316.47</ele>
   </trkpt>
   <trkpt lat="37.633700000000005" lon="-93.40690000000001">
    <ele>316.81</ele>
   </trkpt>
   <trkpt lat="37.633685004920686" lon="-93.40581999968349">
    <ele>318.35</ele>
   </trkpt>
   <trkpt lat="37.63367" lon="-93.40474">
    <ele>318.31000000000006</ele>
   </trkpt>
   <trkpt lat="37.633655003305314" lon="-93.40385499983356">
    <ele>316.77000000000004</ele>
   </trkpt>
   <trkpt lat="37.63364" lon="-93.40297000000001">
    <ele>314.90000000000003</ele>
   </trkpt>
   <trkpt lat="37.633626705558555" lon="-93.40189666513176">
    <ele>312.8</ele>
   </trkpt>
   <trkpt lat="37.63361340139412" lon="-93.40082333064767">
    <ele>311.5</ele>
   </trkpt>
   <trkpt lat="37.63360008750672" lon="-93.39974999654808">
    <ele>312.05000000000007</ele>
   </trkpt>
   <trkpt lat="37.633586763896375" lon="-93.39867666283325">
    <ele>313.8</ele>
   </trkpt>
   <trkpt lat="37.63357343056307" lon="-93.39760332950344">
    <ele>314.3</ele>
   </trkpt>
   <trkpt lat="37.633560087506815" lon="-93.39652999655897">
    <ele>313.89</ele>
   </trkpt>
   <trkpt lat="37.63354673472764" lon="-93.39545666400004">
    <ele>313.57</ele>
   </trkpt>
   <trkpt lat="37.63353337222552" lon="-93.39438333182704">
    <ele>311.96000000000004</ele>
   </trkpt>
   <trkpt lat="37.633520000000004" lon="-93.39331000000001">
    <ele>309.02000000000004</ele>
   </trkpt>
   <trkpt lat="37.63349001042589" lon="-93.39240249890094">
    <ele>306.92</ele>
   </trkpt>
   <trkpt lat="37.63346001390117" lon="-93.39149499853443">
    <ele>306.17</ele>
   </trkpt>
   <trkpt lat="37.63343001042587" lon="-93.39058749890067">
    <ele>305.36</ele>
   </trkpt>
   <trkpt lat="37.6334" lon="-93.38968000000001">
    <ele>302.84</ele>
   </trkpt>
   <trkpt lat="37.63338001616515" lon="-93.38854999909518">
    <ele>293.11</ele>
   </trkpt>
   <trkpt lat="37.63336002155361" lon="-93.38741999879825">
    <ele>288.35</ele>
   </trkpt>
   <trkpt lat="37.6333400161654" lon="-93.38628999910958">
    <ele>287.90999999999997</ele>
   </trkpt>
   <trkpt lat="37.633320000000005" lon="-93.38516000000001">
    <ele>289.2</ele>
   </trkpt>
   <trkpt lat="37.63328667516205" lon="-93.38415666574572">
    <ele>289.86</ele>
   </trkpt>
   <trkpt lat="37.633253341828016" lon="-93.3831533323914">
    <ele>293.78000000000003</ele>
   </trkpt>
   <trkpt lat="37.63322" lon="-93.38215000000001">
    <ele>300.03000000000003</ele>
   </trkpt>
   <trkpt lat="37.63319801903739" lon="-93.38108799874452">
    <ele>302.6</ele>
   </trkpt>
   <trkpt lat="37.633176028556086" lon="-93.38002599811745">
    <ele>304.35</ele>
   </trkpt>
   <trkpt lat="37.63315402855612" lon="-93.37896399811905">
    <ele>305.13</ele>
   </trkpt>
   <trkpt lat="37.633132019037475" lon="-93.37790199874959">
    <ele>304.31</ele>
   </trkpt>
   <trkpt lat="37.63311" lon="-93.37684">
    <ele>304.92</ele>
   </trkpt>
   <trkpt lat="37.63311" lon="-93.37620000000001">
    <ele>306.13</ele>
   </trkpt>
   <trkpt lat="37.63318" lon="-93.37608">
    <ele>306.26000000000005</ele>
   </trkpt>
   <trkpt lat="37.633190000000006" lon="-93.37608">
    <ele>306.27000000000004</ele>
   </trkpt>
   <trkpt lat="37.633250000000004" lon="-93.37601000000001">
    <ele>306.50000000000006</ele>
   </trkpt>
   <trkpt lat="37.633370000000006" lon="-93.37599">
    <ele>306.50000000000006</ele>
   </trkpt>
   <trkpt lat="37.63420750002261" lon="-93.37595250126776">
    <ele>306.82000000000005</ele>
   </trkpt>
   <trkpt lat="37.63504500003336" lon="-93.37591500169022">
    <ele>305.82000000000005</ele>
   </trkpt>
   <trkpt lat="37.63588250003224" lon="-93.37587750126735">
    <ele>303.55</ele>
   </trkpt>
   <trkpt lat="37.636720000000004" lon="-93.37584000000001">
    <ele>302.02</ele>
   </trkpt>
   <trkpt lat="37.6366575108312" lon="-93.37491499765129">
    <ele>302.43</ele>
   </trkpt>
   <trkpt lat="37.63659501444093" lon="-93.37398999685857">
    <ele>303.02</ele>
   </trkpt>
   <trkpt lat="37.6365325108292" lon="-93.37306499762198">
    <ele>304.9</ele>
   </trkpt>
   <trkpt lat="37.63647" lon="-93.37214">
    <ele>308.51</ele>
   </trkpt>
   <trkpt lat="37.63644" lon="-93.37148">
    <ele>310.1</ele>
   </trkpt>
   <trkpt lat="37.63643401428731" lon="-93.3705599997253">
    <ele>311.48</ele>
   </trkpt>
   <trkpt lat="37.63642802143102" lon="-93.36963999959892">
    <ele>312.73</ele>
   </trkpt>
   <trkpt lat="37.63642202143117" lon="-93.36871999962102">
    <ele>312.66</ele>
   </trkpt>
   <trkpt lat="37.636416014287725" lon="-93.3677999997918">
    <ele>311.32000000000005</ele>
   </trkpt>
   <trkpt lat="37.636410000000005" lon="-93.36688000000001">
    <ele>310.0</ele>
   </trkpt>
   <trkpt lat="37.636430000000004" lon="-93.36663">
    <ele>309.75</ele>
   </trkpt>
   <trkpt lat="37.6366550032364" lon="-93.36576000247099">
    <ele>309.58000000000004</ele>
   </trkpt>
   <trkpt lat="37.636880000000005" lon="-93.36489">
    <ele>308.82000000000005</ele>
   </trkpt>
   <trkpt lat="37.63703" lon="-93.36449">
    <ele>307.20000000000005</ele>
   </trkpt>
   <trkpt lat="37.63712" lon="-93.36431">
    <ele>307.20000000000005</ele>
   </trkpt>
   <trkpt lat="37.63747" lon="-93.36393000000001">
    <ele>305.37</ele>
   </trkpt>
   <trkpt lat="37.63774" lon="-93.3636">
    <ele>305.05</ele>
   </trkpt>
   <trkpt lat="37.63816500115037" lon="-93.36306000319082">
    <ele>305.00000000000006</ele>
   </trkpt>
   <trkpt lat="37.63859" lon="-93.36252">
    <ele>304.47</ele>
   </trkpt>
   <trkpt lat="37.63879" lon="-93.3622">
    <ele>303.20000000000005</ele>
   </trkpt>
   <trkpt lat="37.639280003203005" lon="-93.36133000572231">
    <ele>300.84000000000003</ele>
   </trkpt>
   <trkpt lat="37.639770000000006" lon="-93.36046">
    <ele>300.63</ele>
   </trkpt>
   <trkpt lat="37.639880000000005" lon="-93.36023">
    <ele>300.75</ele>
   </trkpt>
   <trkpt lat="37.63991" lon="-93.36005">
    <ele>300.64</ele>
   </trkpt>
   <trkpt lat="37.6398900052686" lon="-93.3592599996165">
    <ele>299.71000000000004</ele>
   </trkpt>
   <trkpt lat="37.63987000526966" lon="-93.35846999965827">
    <ele>298.38000000000005</ele>
   </trkpt>
   <trkpt lat="37.63985" lon="-93.35768">
    <ele>296.81</ele>
   </trkpt>
   <trkpt lat="37.639900000000004" lon="-93.35751">
    <ele>296.16</ele>
   </trkpt>
   <trkpt lat="37.639900000000004" lon="-93.3575">
    <ele>296.13</ele>
   </trkpt>
   <trkpt lat="37.639990000000004" lon="-93.35746">
    <ele>295.50000000000006</ele>
   </trkpt>
   <trkpt lat="37.64022000000001" lon="-93.35741">
    <ele>294.16</ele>
   </trkpt>
   <trkpt lat="37.64091666665238" lon="-93.3573800005636">
    <ele>291.89000000000004</ele>
   </trkpt>
   <trkpt lat="37.64161333329715" lon="-93.35735000056455">
    <ele>291.06000000000006</ele>
   </trkpt>
   <trkpt lat="37.64231" lon="-93.35732">
    <ele>288.84000000000003</ele>
   </trkpt>
   <trkpt lat="37.64316999999088" lon="-93.35729000104267">
    <ele>284.6</ele>
   </trkpt>
   <trkpt lat="37.64402999997417" lon="-93.35726000139074">
    <ele>284.78000000000003</ele>
   </trkpt>
   <trkpt lat="37.64488999994986" lon="-93.35723000104416">
    <ele>288.01000000000005</ele>
   </trkpt>
   <trkpt lat="37.64575" lon="-93.3572">
    <ele>293.09000000000003</ele>
   </trkpt>
   <trkpt lat="37.64589" lon="-93.35716000000001">
    <ele>292.76</ele>
   </trkpt>
   <trkpt lat="37.645950000000006" lon="-93.35712000000001">
    <ele>292.57</ele>
   </trkpt>
   <trkpt lat="37.64603" lon="-93.35701">
    <ele>291.51000000000005</ele>
   </trkpt>
   <trkpt lat="37.646080000000005" lon="-93.35685000000001">
    <ele>291.13</ele>
   </trkpt>
   <trkpt lat="37.64613000000001" lon="-93.3562">
    <ele>289.74</ele>
   </trkpt>
   <trkpt lat="37.64618" lon="-93.35584">
    <ele>288.1</ele>
   </trkpt>
   <trkpt lat="37.646240000000006" lon="-93.35562">
    <ele>288.1</ele>
   </trkpt>
   <trkpt lat="37.646570000000004" lon="-93.35468">
    <ele>282.34000000000003</ele>
   </trkpt>
   <trkpt lat="37.64676" lon="-93.35424">
    <ele>280.44</ele>
   </trkpt>
   <trkpt lat="37.647025001081616" lon="-93.35375000162198">
    <ele>279.28000000000003</ele>
   </trkpt>
   <trkpt lat="37.647290000000005" lon="-93.35326">
    <ele>278.41</ele>
   </trkpt>
   <trkpt lat="37.64768" lon="-93.35231">
    <ele>278.68</ele>
   </trkpt>
   <trkpt lat="37.647780000000004" lon="-93.35210000000001">
    <ele>278.89000000000004</ele>
   </trkpt>
   <trkpt lat="37.64802" lon="-93.35188000000001">
    <ele>279.73</ele>
   </trkpt>
   <trkpt lat="37.64822" lon="-93.35183">
    <ele>280.08</ele>
   </trkpt>
   <trkpt lat="37.649080000000005" lon="-93.35175000000001">
    <ele>280.89000000000004</ele>
   </trkpt>
   <trkpt lat="37.649170000000005" lon="-93.35177">
    <ele>280.79</ele>
   </trkpt>
   <trkpt lat="37.64927" lon="-93.35164">
    <ele>280.55</ele>
   </trkpt>
   <trkpt lat="37.64949" lon="-93.35119">
    <ele>279.18</ele>
   </trkpt>
   <trkpt lat="37.649947505889344" lon="-93.35050751262588">
    <ele>278.40000000000003</ele>
   </trkpt>
   <trkpt lat="37.65040500784692" lon="-93.349825016843">
    <ele>278.45000000000005</ele>
   </trkpt>
   <trkpt lat="37.6508625058726" lon="-93.34914251265118">
    <ele>279.53</ele>
   </trkpt>
   <trkpt lat="37.651320000000005" lon="-93.34846">
    <ele>281.63000000000005</ele>
   </trkpt>
   <trkpt lat="37.65158" lon="-93.3481">
    <ele>282.71000000000004</ele>
   </trkpt>
   <trkpt lat="37.65216" lon="-93.34740000000001">
    <ele>289.83000000000004</ele>
   </trkpt>
   <trkpt lat="37.65238" lon="-93.34727000000001">
    <ele>291.51000000000005</ele>
   </trkpt>
   <trkpt lat="37.6525" lon="-93.34725">
    <ele>292.68000000000006</ele>
   </trkpt>
   <trkpt lat="37.652620000000006" lon="-93.34726">
    <ele>293.37</ele>
   </trkpt>
   <trkpt lat="37.65274" lon="-93.34729">
    <ele>294.74</ele>
   </trkpt>
   <trkpt lat="37.653295000156334" lon="-93.34747999858129">
    <ele>297.02</ele>
   </trkpt>
   <trkpt lat="37.653850000000006" lon="-93.34767000000001">
    <ele>298.54</ele>
   </trkpt>
   <trkpt lat="37.65404" lon="-93.3477">
    <ele>299.35</ele>
   </trkpt>
   <trkpt lat="37.654931250035695" lon="-93.34766500294086">
    <ele>304.12</ele>
   </trkpt>
   <trkpt lat="37.65582250006105" lon="-93.34763000504158">
    <ele>307.08000000000004</ele>
   </trkpt>
   <trkpt lat="37.65671375007606" lon="-93.3475950063021">
    <ele>307.66</ele>
   </trkpt>
   <trkpt lat="37.65760500008074" lon="-93.34756000672239">
    <ele>308.51</ele>
   </trkpt>
   <trkpt lat="37.658496250075075" lon="-93.34752500630238">
    <ele>309.67</ele>
   </trkpt>
   <trkpt lat="37.659387500059076" lon="-93.34749000504203">
    <ele>307.98</ele>
   </trkpt>
   <trkpt lat="37.66027875003273" lon="-93.34745500294133">
    <ele>304.87</ele>
   </trkpt>
   <trkpt lat="37.661170000000006" lon="-93.34742000000001">
    <ele>301.02</ele>
   </trkpt>
   <trkpt lat="37.661190000000005" lon="-93.34729">
    <ele>300.91</ele>
   </trkpt>
   <trkpt lat="37.661190000000005" lon="-93.3473">
    <ele>300.92</ele>
   </trkpt>
   <trkpt lat="37.66123" lon="-93.34702">
    <ele>300.81</ele>
   </trkpt>
   <trkpt lat="37.661200003157965" lon="-93.34615499964333">
    <ele>302.83000000000004</ele>
   </trkpt>
   <trkpt lat="37.661170000000006" lon="-93.34529">
    <ele>304.45</ele>
   </trkpt>
   <trkpt lat="37.66115000997329" lon="-93.34440249925431">
    <ele>306.43</ele>
   </trkpt>
   <trkpt lat="37.661130013297296" lon="-93.34351499898665">
    <ele>310.82000000000005</ele>
   </trkpt>
   <trkpt lat="37.661110009972006" lon="-93.34262749919719">
    <ele>318.65999999999997</ele>
   </trkpt>
   <trkpt lat="37.66109" lon="-93.34174">
    <ele>323.55</ele>
   </trkpt>
   <trkpt lat="37.66103000838884" lon="-93.34074333177487">
    <ele>316.05000000000007</ele>
   </trkpt>
   <trkpt lat="37.660970008392" lon="-93.33974666516072">
    <ele>307.85</ele>
   </trkpt>
   <trkpt lat="37.66091" lon="-93.33875">
    <ele>305.49</ele>
   </trkpt>
   <trkpt lat="37.660881601041986" lon="-93.33763845642999">
    <ele>303.92</ele>
   </trkpt>
   <trkpt lat="37.66085319165386" lon="-93.33652691371053">
    <ele>305.27000000000004</ele>
   </trkpt>
   <trkpt lat="37.660824771835586" lon="-93.33541537184196">
    <ele>305.8</ele>
   </trkpt>
   <trkpt lat="37.66079634158723" lon="-93.33430383082461">
    <ele>307.20000000000005</ele>
   </trkpt>
   <trkpt lat="37.66076790090879" lon="-93.3331922906588">
    <ele>309.83000000000004</ele>
   </trkpt>
   <trkpt lat="37.66073944980029" lon="-93.33208075134482">
    <ele>312.29</ele>
   </trkpt>
   <trkpt lat="37.66071098826174" lon="-93.33096921288296">
    <ele>308.58000000000004</ele>
   </trkpt>
   <trkpt lat="37.66068251629317" lon="-93.32985767527356">
    <ele>309.87</ele>
   </trkpt>
   <trkpt lat="37.6606540338946" lon="-93.32874613851693">
    <ele>310.57</ele>
   </trkpt>
   <trkpt lat="37.66062554106603" lon="-93.32763460261337">
    <ele>311.45</ele>
   </trkpt>
   <trkpt lat="37.66059703780752" lon="-93.3265230675632">
    <ele>314.05000000000007</ele>
   </trkpt>
   <trkpt lat="37.66056852411903" lon="-93.32541153336672">
    <ele>316.89</ele>
   </trkpt>
   <trkpt lat="37.660540000000005" lon="-93.32430000000001">
    <ele>316.86</ele>
   </trkpt>
   <trkpt lat="37.66051001185371" lon="-93.32333249884894">
    <ele>313.97</ele>
   </trkpt>
   <trkpt lat="37.66048001580537" lon="-93.3223649984796">
    <ele>311.36</ele>
   </trkpt>
   <trkpt lat="37.66045001185503" lon="-93.32139749889222">
    <ele>310.95</ele>
   </trkpt>
   <trkpt lat="37.66042" lon="-93.32043">
    <ele>315.02000000000004</ele>
   </trkpt>
   <trkpt lat="37.66053" lon="-93.32018000000001">
    <ele>316.47</ele>
   </trkpt>
   <trkpt lat="37.66066" lon="-93.32012">
    <ele>316.88000000000005</ele>
   </trkpt>
   <trkpt lat="37.66151" lon="-93.32006000000001">
    <ele>317.44</ele>
   </trkpt>
   <trkpt lat="37.66198500022229" lon="-93.320045000089">
    <ele>316.47</ele>
   </trkpt>
   <trkpt lat="37.66246" lon="-93.32003">
    <ele>316.3</ele>
   </trkpt>
   <trkpt lat="37.663290000039105" lon="-93.31999500195624">
    <ele>318.98</ele>
   </trkpt>
   <trkpt lat="37.66412000006784" lon="-93.31996000312981">
    <ele>325.17</ele>
   </trkpt>
   <trkpt lat="37.66495000008625" lon="-93.3199250035207">
    <ele>328.95</ele>
   </trkpt>
   <trkpt lat="37.66578000009432" lon="-93.31989000312882">
    <ele>326.5</ele>
   </trkpt>
   <trkpt lat="37.66661000009204" lon="-93.31985500195415">
    <ele>326.16</ele>
   </trkpt>
   <trkpt lat="37.667440000000006" lon="-93.31982">
    <ele>329.89</ele>
   </trkpt>
   <trkpt lat="37.66752" lon="-93.31976">
    <ele>330.21</ele>
   </trkpt>
   <trkpt lat="37.66758" lon="-93.31966000000001">
    <ele>330.22</ele>
   </trkpt>
   <trkpt lat="37.66767" lon="-93.31946">
    <ele>330.03000000000003</ele>
   </trkpt>
   <trkpt lat="37.66765000195184" lon="-93.31877999981552">
    <ele>326.33</ele>
   </trkpt>
   <trkpt lat="37.66763" lon="-93.3181">
    <ele>325.56</ele>
   </trkpt>
   <trkpt lat="37.66762000000001" lon="-93.31729000000001">
    <ele>329.65000000000003</ele>
   </trkpt>
   <trkpt lat="37.66758251602676" lon="-93.31616499827858">
    <ele>323.15000000000003</ele>
   </trkpt>
   <trkpt lat="37.667545021368625" lon="-93.31503999769366">
    <ele>322.86</ele>
   </trkpt>
   <trkpt lat="37.66750751602564" lon="-93.3139149982456">
    <ele>324.16</ele>
   </trkpt>
   <trkpt lat="37.66747" lon="-93.31279">
    <ele>327.59000000000003</ele>
   </trkpt>
   <trkpt lat="37.667443341168315" lon="-93.3118266659883">
    <ele>333.3</ele>
   </trkpt>
   <trkpt lat="37.66741667450203" lon="-93.31086333266877">
    <ele>336.65</ele>
   </trkpt>
   <trkpt lat="37.667390000000005" lon="-93.30990000000001">
    <ele>338.31000000000006</ele>
   </trkpt>
   <trkpt lat="37.66738001154955" lon="-93.30894499962366">
    <ele>340.17</ele>
   </trkpt>
   <trkpt lat="37.66737001539947" lon="-93.30798999950446">
    <ele>340.89000000000004</ele>
   </trkpt>
   <trkpt lat="37.66736001154973" lon="-93.30703499964258">
    <ele>341.49</ele>
   </trkpt>
   <trkpt lat="37.667350000000006" lon="-93.30608000000001">
    <ele>342.35</ele>
   </trkpt>
   <trkpt lat="37.66732251203888" lon="-93.30510499893849">
    <ele>342.52000000000004</ele>
   </trkpt>
   <trkpt lat="37.66729501605226" lon="-93.3041299985993">
    <ele>341.05</ele>
   </trkpt>
   <trkpt lat="37.66726751204011" lon="-93.3031549989826">
    <ele>342.17</ele>
   </trkpt>
   <trkpt lat="37.66724" lon="-93.30218">
    <ele>347.74000000000007</ele>
   </trkpt>
   <trkpt lat="37.66722" lon="-93.30203">
    <ele>347.74000000000007</ele>
   </trkpt>
   <trkpt lat="37.66713" lon="-93.30164">
    <ele>349.85</ele>
   </trkpt>
   <trkpt lat="37.66702" lon="-93.30137">
    <ele>350.57000000000005</ele>
   </trkpt>
   <trkpt lat="37.666560000000004" lon="-93.30044000000001">
    <ele>352.31</ele>
   </trkpt>
   <trkpt lat="37.66651" lon="-93.30019">
    <ele>353.26</ele>
   </trkpt>
   <trkpt lat="37.66648" lon="-93.29990000000001">
    <ele>354.06000000000006</ele>
   </trkpt>
   <trkpt lat="37.666500000000006" lon="-93.29945000000001">
    <ele>354.65000000000003</ele>
   </trkpt>
   <trkpt lat="37.66653" lon="-93.29927">
    <ele>354.68000000000006</ele>
   </trkpt>
   <trkpt lat="37.66668000000001" lon="-93.29887000000001">
    <ele>353.40000000000003</ele>
   </trkpt>
   <trkpt lat="37.666850000000004" lon="-93.29858">
    <ele>351.65000000000003</ele>
   </trkpt>
   <trkpt lat="37.66723" lon="-93.29804000000001">
    <ele>351.35</ele>
   </trkpt>
   <trkpt lat="37.667170000000006" lon="-93.29787">
    <ele>350.63000000000005</ele>
   </trkpt>
   <trkpt lat="37.66716" lon="-93.29764">
    <ele>349.22</ele>
   </trkpt>
   <trkpt lat="37.667190000000005" lon="-93.29706">
    <ele>349.63000000000005</ele>
   </trkpt>
   <trkpt lat="37.66716334079169" lon="-93.29611999927907">
    <ele>361.62000000000006</ele>
   </trkpt>
   <trkpt lat="37.66713667412373" lon="-93.29517999923351">
    <ele>369.1</ele>
   </trkpt>
   <trkpt lat="37.66711" lon="-93.29424">
    <ele>368.8</ele>
   </trkpt>
   <trkpt lat="37.667095023121476" lon="-93.2931933322637">
    <ele>368.27000000000004</ele>
   </trkpt>
   <trkpt lat="37.667080036994285" lon="-93.29214666494995">
    <ele>355.66</ele>
   </trkpt>
   <trkpt lat="37.66706504161843" lon="-93.291099998059">
    <ele>346.30000000000007</ele>
   </trkpt>
   <trkpt lat="37.66705003699389" lon="-93.29005333159111">
    <ele>344.23</ele>
   </trkpt>
   <trkpt lat="37.66703502312074" lon="-93.28900666554655">
    <ele>346.21000000000004</ele>
   </trkpt>
   <trkpt lat="37.66702" lon="-93.28796000000001">
    <ele>346.05</ele>
   </trkpt>
   <trkpt lat="37.667" lon="-93.28726">
    <ele>343.93</ele>
   </trkpt>
   <trkpt lat="37.666986676757524" lon="-93.28616666620051">
    <ele>341.40000000000003</ele>
   </trkpt>
   <trkpt lat="37.666973343423294" lon="-93.28507333279371">
    <ele>340.29</ele>
   </trkpt>
   <trkpt lat="37.66696" lon="-93.28398000000001">
    <ele>342.59</ele>
   </trkpt>
   <trkpt lat="37.66693" lon="-93.28364">
    <ele>342.37</ele>
   </trkpt>
   <trkpt lat="37.66671" lon="-93.28314">
    <ele>341.95000000000005</ele>
   </trkpt>
   <trkpt lat="37.66664" lon="-93.28287">
    <ele>342.37</ele>
   </trkpt>
   <trkpt lat="37.666610008955814" lon="-93.28183999914637">
    <ele>344.30000000000007</ele>
   </trkpt>
   <trkpt lat="37.666580008955194" lon="-93.28080999912525">
    <ele>344.57000000000005</ele>
   </trkpt>
   <trkpt lat="37.66655" lon="-93.27978">
    <ele>342.38</ele>
   </trkpt>
   <trkpt lat="37.666528390628876" lon="-93.2786691631025">
    <ele>339.26</ele>
   </trkpt>
   <trkpt lat="37.66650677084032" lon="-93.27755832685199">
    <ele>339.11</ele>
   </trkpt>
   <trkpt lat="37.66648514063437" lon="-93.27644749124876">
    <ele>340.69000000000005</ele>
   </trkpt>
   <trkpt lat="37.666463500011034" lon="-93.27533665629316">
    <ele>342.54</ele>
   </trkpt>
   <trkpt lat="37.66644184897032" lon="-93.27422582198547">
    <ele>343.99</ele>
   </trkpt>
   <trkpt lat="37.66642018751224" lon="-93.27311498832601">
    <ele>346.06</ele>
   </trkpt>
   <trkpt lat="37.66639851563682" lon="-93.27200415531512">
    <ele>346.85</ele>
   </trkpt>
   <trkpt lat="37.66637683334406" lon="-93.27089332295304">
    <ele>346.7</ele>
   </trkpt>
   <trkpt lat="37.66635514063399" lon="-93.26978249124016">
    <ele>343.23</ele>
   </trkpt>
   <trkpt lat="37.66633343750661" lon="-93.26867166017674">
    <ele>342.88</ele>
   </trkpt>
   <trkpt lat="37.66631172396194" lon="-93.2675608297631">
    <ele>339.90000000000003</ele>
   </trkpt>
   <trkpt lat="37.666290000000004" lon="-93.26645">
    <ele>336.62</ele>
   </trkpt>
   <trkpt lat="37.66628" lon="-93.26645">
    <ele>336.61</ele>
   </trkpt>
   <trkpt lat="37.66544153850452" lon="-93.26647923473135">
    <ele>336.61</ele>
   </trkpt>
   <trkpt lat="37.6646030770018" lon="-93.26650846880223">
    <ele>336.61</ele>
   </trkpt>
   <trkpt lat="37.66376461549188" lon="-93.26653770221264">
    <ele>336.61</ele>
   </trkpt>
   <trkpt lat="37.662926153974745" lon="-93.26656693496267">
    <ele>344.40000000000003</ele>
   </trkpt>
   <trkpt lat="37.66208769245039" lon="-93.26659616705231">
    <ele>344.40000000000003</ele>
   </trkpt>
   <trkpt lat="37.66124923091882" lon="-93.26662539848162">
    <ele>344.40000000000003</ele>
   </trkpt>
   <trkpt lat="37.66041076938005" lon="-93.26665462925061">
    <ele>341.99</ele>
   </trkpt>
   <trkpt lat="37.659572307834054" lon="-93.26668385935935">
    <ele>339.71</ele>
   </trkpt>
   <trkpt lat="37.65873384628085" lon="-93.26671308880783">
    <ele>338.73</ele>
   </trkpt>
   <trkpt lat="37.65789538472044" lon="-93.26674231759613">
    <ele>338.23</ele>
   </trkpt>
   <trkpt lat="37.657056923152815" lon="-93.26677154572425">
    <ele>337.65</ele>
   </trkpt>
   <trkpt lat="37.656218461577964" lon="-93.26680077319226">
    <ele>336.88</ele>
   </trkpt>
   <trkpt lat="37.65538" lon="-93.26683000000001">
    <ele>336.33</ele>
   </trkpt>
   <trkpt lat="37.654549999980695" lon="-93.26685500083916">
    <ele>334.24</ele>
   </trkpt>
   <trkpt lat="37.65371999995612" lon="-93.26688000111942">
    <ele>332.45</ele>
   </trkpt>
   <trkpt lat="37.65288999992627" lon="-93.26690500084077">
    <ele>328.93</ele>
   </trkpt>
   <trkpt lat="37.652060000000006" lon="-93.26693">
    <ele>327.74</ele>
   </trkpt>
   <trkpt lat="37.651230000000005" lon="-93.26697">
    <ele>326.11</ele>
   </trkpt>
   <trkpt lat="37.6505050000356" lon="-93.26699250065803">
    <ele>326.19000000000005</ele>
   </trkpt>
   <trkpt lat="37.64978000006691" lon="-93.26701500087678">
    <ele>328.05</ele>
   </trkpt>
   <trkpt lat="37.64905500009396" lon="-93.2670375006562">
    <ele>329.70000000000005</ele>
   </trkpt>
   <trkpt lat="37.64833" lon="-93.26706">
    <ele>327.62</ele>
   </trkpt>
   <trkpt lat="37.6477" lon="-93.26711">
    <ele>325.68</ele>
   </trkpt>
   <trkpt lat="37.64702499987429" lon="-93.26721000093367">
    <ele>323.08000000000004</ele>
   </trkpt>
   <trkpt lat="37.646350000000005" lon="-93.26731000000001">
    <ele>319.69</ele>
   </trkpt>
   <trkpt lat="37.6457849998898" lon="-93.26736500043035">
    <ele>317.55</ele>
   </trkpt>
   <trkpt lat="37.64522" lon="-93.26742">
    <ele>316.02000000000004</ele>
   </trkpt>
   <trkpt lat="37.64493" lon="-93.26741000000001">
    <ele>314.51</ele>
   </trkpt>
   <trkpt lat="37.644780000000004" lon="-93.26751">
    <ele>314.56</ele>
   </trkpt>
   <trkpt lat="37.644740000000006" lon="-93.26758000000001">
    <ele>314.49000000000007</ele>
   </trkpt>
   <trkpt lat="37.64482500958066" lon="-93.26844999698888">
    <ele>311.41</ele>
   </trkpt>
   <trkpt lat="37.644910012772634" lon="-93.26931999596901">
    <ele>313.21000000000004</ele>
   </trkpt>
   <trkpt lat="37.64499500957592" lon="-93.27018999694027">
    <ele>319.91</ele>
   </trkpt>
   <trkpt lat="37.64508" lon="-93.27106">
    <ele>323.65000000000003</ele>
   </trkpt>
   <trkpt lat="37.64506" lon="-93.27127">
    <ele>324.34000000000003</ele>
   </trkpt>
   <trkpt lat="37.64482" lon="-93.27183000000001">
    <ele>325.32000000000005</ele>
   </trkpt>
   <trkpt lat="37.64471" lon="-93.27213">
    <ele>325.11</ele>
   </trkpt>
   <trkpt lat="37.64468" lon="-93.2723">
    <ele>324.55</ele>
   </trkpt>
   <trkpt lat="37.64470500409927" lon="-93.27328499985119">
    <ele>318.18</ele>
   </trkpt>
   <trkpt lat="37.64473" lon="-93.27427">
    <ele>307.14000000000004</ele>
   </trkpt>
   <trkpt lat="37.64472500259965" lon="-93.27505500021077">
    <ele>300.57</ele>
   </trkpt>
   <trkpt lat="37.64472000000001" lon="-93.27584">
    <ele>302.83000000000004</ele>
   </trkpt>
   <trkpt lat="37.64474000540126" lon="-93.27663999953998">
    <ele>309.67</ele>
   </trkpt>
   <trkpt lat="37.64476000540052" lon="-93.27743999951082">
    <ele>313.45</ele>
   </trkpt>
   <trkpt lat="37.644780000000004" lon="-93.27824000000001">
    <ele>313.56</ele>
   </trkpt>
   <trkpt lat="37.64479500460635" lon="-93.27928499962628">
    <ele>316.39</ele>
   </trkpt>
   <trkpt lat="37.64481" lon="-93.28033">
    <ele>323.48</ele>
   </trkpt>
   <trkpt lat="37.64483667406996" lon="-93.28126666592283">
    <ele>321.03000000000003</ele>
   </trkpt>
   <trkpt lat="37.644863340734595" lon="-93.28220333251828">
    <ele>312.08000000000004</ele>
   </trkpt>
   <trkpt lat="37.644890000000004" lon="-93.28314">
    <ele>301.82000000000005</ele>
   </trkpt>
   <trkpt lat="37.64497" lon="-93.28404">
    <ele>301.03000000000003</ele>
   </trkpt>
   <trkpt lat="37.64507000320861" lon="-93.28490999895284">
    <ele>308.24</ele>
   </trkpt>
   <trkpt lat="37.64517" lon="-93.28578">
    <ele>315.8</ele>
   </trkpt>
   <trkpt lat="37.64521000231156" lon="-93.28651999961099">
    <ele>321.19</ele>
   </trkpt>
   <trkpt lat="37.645250000000004" lon="-93.28726">
    <ele>319.89</ele>
   </trkpt>
   <trkpt lat="37.64526823221094" lon="-93.28835272459379">
    <ele>312.79</ele>
   </trkpt>
   <trkpt lat="37.645286454343356" lon="-93.28944544972386">
    <ele>308.29</ele>
   </trkpt>
   <trkpt lat="37.64530466639724" lon="-93.29053817538993">
    <ele>311.34</ele>
   </trkpt>
   <trkpt lat="37.645322868372574" lon="-93.29163090159167">
    <ele>323.3</ele>
   </trkpt>
   <trkpt lat="37.64534106026936" lon="-93.29272362832883">
    <ele>326.42</ele>
   </trkpt>
   <trkpt lat="37.64535924208756" lon="-93.29381635560107">
    <ele>326.88</ele>
   </trkpt>
   <trkpt lat="37.6453774138272" lon="-93.29490908340813">
    <ele>323.65000000000003</ele>
   </trkpt>
   <trkpt lat="37.64539557548822" lon="-93.2960018117497">
    <ele>320.95</ele>
   </trkpt>
   <trkpt lat="37.645413727070654" lon="-93.2970945406255">
    <ele>318.96000000000004</ele>
   </trkpt>
   <trkpt lat="37.64543186857447" lon="-93.2981872700352">
    <ele>315.47</ele>
   </trkpt>
   <trkpt lat="37.645450000000004" lon="-93.29928000000001">
    <ele>317.12</ele>
   </trkpt>
   <trkpt lat="37.64545667188962" lon="-93.30006666646615">
    <ele>316.09000000000003</ele>
   </trkpt>
   <trkpt lat="37.64546333855577" lon="-93.30085333307355">
    <ele>314.09000000000003</ele>
   </trkpt>
   <trkpt lat="37.64547" lon="-93.30164">
    <ele>318.13</ele>
   </trkpt>
   <trkpt lat="37.6454" lon="-93.30195">
    <ele>319.31000000000006</ele>
   </trkpt>
   <trkpt lat="37.64533" lon="-93.30214000000001">
    <ele>319.65999999999997</ele>
   </trkpt>
   <trkpt lat="37.645070000000004" lon="-93.30266">
    <ele>320.59000000000003</ele>
   </trkpt>
   <trkpt lat="37.64499" lon="-93.30290000000001">
    <ele>320.43000000000006</ele>
   </trkpt>
   <trkpt lat="37.64495" lon="-93.30315">
    <ele>320.3</ele>
   </trkpt>
   <trkpt lat="37.6449766739126" lon="-93.30407666592781">
    <ele>318.8</ele>
   </trkpt>
   <trkpt lat="37.64500334057716" lon="-93.30500333252108">
    <ele>316.01</ele>
   </trkpt>
   <trkpt lat="37.645030000000006" lon="-93.30593">
    <ele>314.24</ele>
   </trkpt>
   <trkpt lat="37.645100000000006" lon="-93.30633">
    <ele>314.02000000000004</ele>
   </trkpt>
   <trkpt lat="37.64535000204598" lon="-93.30702499768157">
    <ele>314.55000000000007</ele>
   </trkpt>
   <trkpt lat="37.6456" lon="-93.30772">
    <ele>315.52000000000004</ele>
   </trkpt>
   <trkpt lat="37.645630000000004" lon="-93.30787000000001">
    <ele>315.64000000000004</ele>
   </trkpt>
   <trkpt lat="37.64565000482987" lon="-93.30862666615356">
    <ele>315.52000000000004</ele>
   </trkpt>
   <trkpt lat="37.64567000482708" lon="-93.30938333271463">
    <ele>314.52000000000004</ele>
   </trkpt>
   <trkpt lat="37.64569" lon="-93.31014">
    <ele>312.24</ele>
   </trkpt>
   <trkpt lat="37.645700002374575" lon="-93.31088999994694">
    <ele>306.89000000000004</ele>
   </trkpt>
   <trkpt lat="37.64571" lon="-93.31164000000001">
    <ele>304.21000000000004</ele>
   </trkpt>
   <trkpt lat="37.644925000046676" lon="-93.31168750150486">
    <ele>306.51</ele>
   </trkpt>
   <trkpt lat="37.644140000074295" lon="-93.31173500200572">
    <ele>310.09000000000003</ele>
   </trkpt>
   <trkpt lat="37.64335500008289" lon="-93.31178250150263">
    <ele>310.54</ele>
   </trkpt>
   <trkpt lat="37.642570000000006" lon="-93.31183000000001">
    <ele>313.51</ele>
   </trkpt>
   <trkpt lat="37.64179500001851" lon="-93.31186000031242">
    <ele>308.95</ele>
   </trkpt>
   <trkpt lat="37.641020000000005" lon="-93.31189">
    <ele>304.00000000000006</ele>
   </trkpt>
   <trkpt lat="37.6403" lon="-93.31206">
    <ele>298.09000000000003</ele>
   </trkpt>
   <trkpt lat="37.63980500003563" lon="-93.31219500091073">
    <ele>295.78999999999996</ele>
   </trkpt>
   <trkpt lat="37.63931" lon="-93.31233">
    <ele>290.34999999999997</ele>
   </trkpt>
   <trkpt lat="37.63909" lon="-93.31237">
    <ele>289.2</ele>
   </trkpt>
   <trkpt lat="37.638639999866044" lon="-93.312395000159">
    <ele>287.51000000000005</ele>
   </trkpt>
   <trkpt lat="37.63819" lon="-93.31242">
    <ele>287.33000000000004</ele>
   </trkpt>
   <trkpt lat="37.63765" lon="-93.31247">
    <ele>287.52</ele>
   </trkpt>
   <trkpt lat="37.6370800001767" lon="-93.31249000014732">
    <ele>288.27000000000004</ele>
   </trkpt>
   <trkpt lat="37.63651" lon="-93.31251">
    <ele>289.12000000000006</ele>
   </trkpt>
   <trkpt lat="37.636120000000005" lon="-93.31246">
    <ele>290.90999999999997</ele>
   </trkpt>
   <trkpt lat="37.635920000000006" lon="-93.31244000000001">
    <ele>292.13</ele>
   </trkpt>
   <trkpt lat="37.635310000113144" lon="-93.31229499881546">
    <ele>301.17</ele>
   </trkpt>
   <trkpt lat="37.6347" lon="-93.31215">
    <ele>308.81</ele>
   </trkpt>
   <trkpt lat="37.63439" lon="-93.3121">
    <ele>312.04</ele>
   </trkpt>
   <trkpt lat="37.633880000000005" lon="-93.31209000000001">
    <ele>314.21000000000004</ele>
   </trkpt>
   <trkpt lat="37.633289999882344" lon="-93.31211000016285">
    <ele>313.23</ele>
   </trkpt>
   <trkpt lat="37.6327" lon="-93.31213000000001">
    <ele>312.35</ele>
   </trkpt>
   <trkpt lat="37.63268" lon="-93.31213000000001">
    <ele>312.33000000000004</ele>
   </trkpt>
   <trkpt lat="37.63197500019989" lon="-93.31215500023019">
    <ele>312.3</ele>
   </trkpt>
   <trkpt lat="37.63127" lon="-93.31218000000001">
    <ele>313.46000000000004</ele>
   </trkpt>
   <trkpt lat="37.63129001349519" lon="-93.31321249914737">
    <ele>312.21000000000004</ele>
   </trkpt>
   <trkpt lat="37.63131001799334" lon="-93.31424499885071">
    <ele>313.01</ele>
   </trkpt>
   <trkpt lat="37.63133001349447" lon="-93.31527749910978">
    <ele>313.95</ele>
   </trkpt>
   <trkpt lat="37.631350000000005" lon="-93.31631">
    <ele>314.15000000000003</ele>
   </trkpt>
   <trkpt lat="37.63137601621007" lon="-93.3172899986044">
    <ele>314.98</ele>
   </trkpt>
   <trkpt lat="37.631402024314795" lon="-93.31826999789482">
    <ele>315.14000000000004</ele>
   </trkpt>
   <trkpt lat="37.63142802431418" lon="-93.31924999787105">
    <ele>313.65000000000003</ele>
   </trkpt>
   <trkpt lat="37.63145401620818" lon="-93.32022999853294">
    <ele>312.36</ele>
   </trkpt>
   <trkpt lat="37.63148" lon="-93.32121000000001">
    <ele>311.09000000000003</ele>
   </trkpt>
   <trkpt lat="37.63150000860972" lon="-93.32221999948264">
    <ele>308.32000000000005</ele>
   </trkpt>
   <trkpt lat="37.631520008610245" lon="-93.32322999950901">
    <ele>307.98</ele>
   </trkpt>
   <trkpt lat="37.63154" lon="-93.32424">
    <ele>311.17</ele>
   </trkpt>
   <trkpt lat="37.631570027309685" lon="-93.32527856891741">
    <ele>312.12</ele>
   </trkpt>
   <trkpt lat="37.631600045516215" lon="-93.32631713867396">
    <ele>311.62</ele>
   </trkpt>
   <trkpt lat="37.631630054619585" lon="-93.3273557092694">
    <ele>311.74</ele>
   </trkpt>
   <trkpt lat="37.63166005461975" lon="-93.32839428070348">
    <ele>310.55000000000007</ele>
   </trkpt>
   <trkpt lat="37.63169004551674" lon="-93.32943285297594">
    <ele>307.73</ele>
   </trkpt>
   <trkpt lat="37.631720027310486" lon="-93.33047142608655">
    <ele>304.96</ele>
   </trkpt>
   <trkpt lat="37.631750000000004" lon="-93.33151000000001">
    <ele>298.25</ele>
   </trkpt>
   <trkpt lat="37.63174" lon="-93.33185">
    <ele>297.46</ele>
   </trkpt>
   <trkpt lat="37.63176" lon="-93.33256">
    <ele>299.26000000000005</ele>
   </trkpt>
   <trkpt lat="37.6317950034142" lon="-93.33345999947751">
    <ele>300.3</ele>
   </trkpt>
   <trkpt lat="37.63183" lon="-93.33436">
    <ele>303.00000000000006</ele>
   </trkpt>
   <trkpt lat="37.631870000000006" lon="-93.33467">
    <ele>304.93</ele>
   </trkpt>
   <trkpt lat="37.63199" lon="-93.33481">
    <ele>306.24</ele>
   </trkpt>
   <trkpt lat="37.63205" lon="-93.33485">
    <ele>306.70000000000005</ele>
   </trkpt>
   <trkpt lat="37.6321" lon="-93.33486">
    <ele>306.70000000000005</ele>
   </trkpt>
   <trkpt lat="37.63287000001337" lon="-93.33483500077698">
    <ele>307.9</ele>
   </trkpt>
   <trkpt lat="37.633640000021465" lon="-93.33481000103586">
    <ele>307.1</ele>
   </trkpt>
   <trkpt lat="37.63441000002428" lon="-93.33478500077665">
    <ele>306.43</ele>
   </trkpt>
   <trkpt lat="37.635180000000005" lon="-93.33476">
    <ele>306.45</ele>
   </trkpt>
   <trkpt lat="37.63535" lon="-93.3348">
    <ele>306.71000000000004</ele>
   </trkpt>
   <trkpt lat="37.63541" lon="-93.33484000000001">
    <ele>306.71000000000004</ele>
   </trkpt>
   <trkpt lat="37.635470000000005" lon="-93.33496000000001">
    <ele>306.75</ele>
   </trkpt>
   <trkpt lat="37.635500037852864" lon="-93.33601888547356">
    <ele>304.96</ele>
   </trkpt>
   <trkpt lat="37.63553006624257" lon="-93.33707777180312">
    <ele>302.8</ele>
   </trkpt>
   <trkpt lat="37.635560085169146" lon="-93.33813665898836">
    <ele>301.88000000000005</ele>
   </trkpt>
   <trkpt lat="37.63559009463256" lon="-93.33919554702905">
    <ele>302.92</ele>
   </trkpt>
   <trkpt lat="37.63562009463279" lon="-93.34025443592492">
    <ele>302.4</ele>
   </trkpt>
   <trkpt lat="37.63565008516983" lon="-93.34131332567569">
    <ele>300.89000000000004</ele>
   </trkpt>
   <trkpt lat="37.63568006624364" lon="-93.34237221628109">
    <ele>302.76000000000005</ele>
   </trkpt>
   <trkpt lat="37.63571003785423" lon="-93.34343110774088">
    <ele>301.38000000000005</ele>
   </trkpt>
   <trkpt lat="37.635740000000006" lon="-93.34449000000001">
    <ele>297.39000000000004</ele>
   </trkpt>
   <trkpt lat="37.63568" lon="-93.34474">
    <ele>295.13</ele>
   </trkpt>
   <trkpt lat="37.635630000000006" lon="-93.34478000000001">
    <ele>294.38000000000005</ele>
   </trkpt>
   <trkpt lat="37.63561" lon="-93.3448">
    <ele>294.16</ele>
   </trkpt>
   <trkpt lat="37.63557" lon="-93.34484">
    <ele>292.89000000000004</ele>
   </trkpt>
   <trkpt lat="37.63542" lon="-93.34492">
    <ele>291.26</ele>
   </trkpt>
   <trkpt lat="37.635220000000004" lon="-93.34492">
    <ele>286.23</ele>
   </trkpt>
   <trkpt lat="37.634930000000004" lon="-93.34488">
    <ele>281.85</ele>
   </trkpt>
   <trkpt lat="37.63441" lon="-93.34474">
    <ele>276.13000000000005</ele>
   </trkpt>
   <trkpt lat="37.634170000000005" lon="-93.3447">
    <ele>275.16</ele>
   </trkpt>
   <trkpt lat="37.63403" lon="-93.34471">
    <ele>274.74</ele>
   </trkpt>
   <trkpt lat="37.63385" lon="-93.34479">
    <ele>274.68</ele>
   </trkpt>
   <trkpt lat="37.63364" lon="-93.34490000000001">
    <ele>274.81</ele>
   </trkpt>
   <trkpt lat="37.63354" lon="-93.34501">
    <ele>274.81</ele>
   </trkpt>
   <trkpt lat="37.6330350018245" lon="-93.34568000464573">
    <ele>276.0</ele>
   </trkpt>
   <trkpt lat="37.63253" lon="-93.34635">
    <ele>276.38</ele>
   </trkpt>
   <trkpt lat="37.632160000000006" lon="-93.34674000000001">
    <ele>279.15</ele>
   </trkpt>
   <trkpt lat="37.63192" lon="-93.34694">
    <ele>280.55</ele>
   </trkpt>
   <trkpt lat="37.631350000000005" lon="-93.34727000000001">
    <ele>288.84000000000003</ele>
   </trkpt>
   <trkpt lat="37.630950000000006" lon="-93.34748">
    <ele>293.26</ele>
   </trkpt>
   <trkpt lat="37.630790000000005" lon="-93.34761">
    <ele>295.59000000000003</ele>
   </trkpt>
   <trkpt lat="37.630680000000005" lon="-93.34774">
    <ele>297.07</ele>
   </trkpt>
   <trkpt lat="37.630590000000005" lon="-93.34793">
    <ele>297.77000000000004</ele>
   </trkpt>
   <trkpt lat="37.630410000000005" lon="-93.34846">
    <ele>298.81</ele>
   </trkpt>
   <trkpt lat="37.63035" lon="-93.34852000000001">
    <ele>298.81</ele>
   </trkpt>
   <trkpt lat="37.63022" lon="-93.34859">
    <ele>299.07</ele>
   </trkpt>
   <trkpt lat="37.630100000000006" lon="-93.34864">
    <ele>299.21000000000004</ele>
   </trkpt>
   <trkpt lat="37.62944" lon="-93.34863000000001">
    <ele>301.45000000000005</ele>
   </trkpt>
   <trkpt lat="37.62894" lon="-93.34864">
    <ele>303.48</ele>
   </trkpt>
   <trkpt lat="37.628220000006614" lon="-93.34867000116283">
    <ele>303.02</ele>
   </trkpt>
   <trkpt lat="37.627500000005625" lon="-93.34870000174439">
    <ele>299.14</ele>
   </trkpt>
   <trkpt lat="37.62677999999705" lon="-93.34873000174471">
    <ele>295.33000000000004</ele>
   </trkpt>
   <trkpt lat="37.626059999980875" lon="-93.34876000116384">
    <ele>297.03000000000003</ele>
   </trkpt>
   <trkpt lat="37.62534" lon="-93.34879000000001">
    <ele>301.19</ele>
   </trkpt>
   <trkpt lat="37.62503" lon="-93.34884000000001">
    <ele>302.20000000000005</ele>
   </trkpt>
   <trkpt lat="37.625058017836395" lon="-93.34986799844539">
    <ele>302.35</ele>
   </trkpt>
   <trkpt lat="37.62508602675454" lon="-93.35089599766562">
    <ele>302.27000000000004</ele>
   </trkpt>
   <trkpt lat="37.6251140267544" lon="-93.35192399766042">
    <ele>304.62</ele>
   </trkpt>
   <trkpt lat="37.625142017835984" lon="-93.35295199842956">
    <ele>309.82000000000005</ele>
   </trkpt>
   <trkpt lat="37.625170000000004" lon="-93.35398">
    <ele>319.76000000000005</ele>
   </trkpt>
   <trkpt lat="37.62519667700152" lon="-93.35508666584823">
    <ele>325.18</ele>
   </trkpt>
   <trkpt lat="37.6252233436676" lon="-93.35619333249065">
    <ele>329.24</ele>
   </trkpt>
   <trkpt lat="37.62525" lon="-93.35730000000001">
    <ele>333.23</ele>
   </trkpt>
   <trkpt lat="37.6253" lon="-93.35798000000001">
    <ele>331.43</ele>
   </trkpt>
   <trkpt lat="37.62533500412745" lon="-93.35896999930378">
    <ele>325.54</ele>
   </trkpt>
   <trkpt lat="37.625370000000004" lon="-93.35996">
    <ele>322.85</ele>
   </trkpt>
   <trkpt lat="37.625350000000005" lon="-93.36015">
    <ele>321.29</ele>
   </trkpt>
   <trkpt lat="37.625280000000004" lon="-93.36041">
    <ele>320.32000000000005</ele>
   </trkpt>
   <trkpt lat="37.624970000000005" lon="-93.36128000000001">
    <ele>317.02000000000004</ele>
   </trkpt>
   <trkpt lat="37.62476667253583" lon="-93.36211333785671">
    <ele>314.67</ele>
   </trkpt>
   <trkpt lat="37.62456333921116" lon="-93.36294667115442">
    <ele>313.21999999999997</ele>
   </trkpt>
   <trkpt lat="37.62436" lon="-93.36378">
    <ele>312.94000000000005</ele>
   </trkpt>
   <trkpt lat="37.62407667438046" lon="-93.36473667399207">
    <ele>310.17</ele>
   </trkpt>
   <trkpt lat="37.62379334103741" lon="-93.36569334069144">
    <ele>307.38000000000005</ele>
   </trkpt>
   <trkpt lat="37.62351" lon="-93.36665">
    <ele>306.58000000000004</ele>
   </trkpt>
   <trkpt lat="37.62333" lon="-93.36712000000001">
    <ele>306.59000000000003</ele>
   </trkpt>
   <trkpt lat="37.6229466701054" lon="-93.36775667320273">
    <ele>307.55</ele>
   </trkpt>
   <trkpt lat="37.622563336790094" lon="-93.36839333983937">
    <ele>307.36</ele>
   </trkpt>
   <trkpt lat="37.62218" lon="-93.36903000000001">
    <ele>305.59000000000003</ele>
   </trkpt>
   <trkpt lat="37.622060000000005" lon="-93.36932">
    <ele>305.29</ele>
   </trkpt>
   <trkpt lat="37.62205" lon="-93.36933">
    <ele>305.29</ele>
   </trkpt>
   <trkpt lat="37.62203" lon="-93.36941">
    <ele>305.19</ele>
   </trkpt>
   <trkpt lat="37.622" lon="-93.36961000000001">
    <ele>305.12</ele>
   </trkpt>
   <trkpt lat="37.621990000000004" lon="-93.36995">
    <ele>304.96</ele>
   </trkpt>
   <trkpt lat="37.62201201497654" lon="-93.37089199888096">
    <ele>305.22</ele>
   </trkpt>
   <trkpt lat="37.62203402246478" lon="-93.37183399831976">
    <ele>306.69</ele>
   </trkpt>
   <trkpt lat="37.62205602246471" lon="-93.3727759983162">
    <ele>309.48</ele>
   </trkpt>
   <trkpt lat="37.6220780149763" lon="-93.37371799887006">
    <ele>309.51</ele>
   </trkpt>
   <trkpt lat="37.6221" lon="-93.37466">
    <ele>308.88000000000005</ele>
   </trkpt>
   <trkpt lat="37.622080000000004" lon="-93.37481000000001">
    <ele>308.62</ele>
   </trkpt>
   <trkpt lat="37.62201" lon="-93.37496">
    <ele>307.69</ele>
   </trkpt>
   <trkpt lat="37.621860000000005" lon="-93.3751">
    <ele>305.93</ele>
   </trkpt>
   <trkpt lat="37.62178" lon="-93.37514">
    <ele>305.93</ele>
   </trkpt>
   <trkpt lat="37.621680000000005" lon="-93.37514">
    <ele>304.55</ele>
   </trkpt>
   <trkpt lat="37.621500000000005" lon="-93.3751">
    <ele>303.63</ele>
   </trkpt>
   <trkpt lat="37.620905000267264" lon="-93.37487499821954">
    <ele>300.64</ele>
   </trkpt>
   <trkpt lat="37.62031" lon="-93.37465">
    <ele>300.62</ele>
   </trkpt>
   <trkpt lat="37.61963000038284" lon="-93.37435999735953">
    <ele>301.29</ele>
   </trkpt>
   <trkpt lat="37.618950000000005" lon="-93.37407">
    <ele>299.21000000000004</ele>
   </trkpt>
   <trkpt lat="37.618790000000004" lon="-93.37402">
    <ele>297.74</ele>
   </trkpt>
   <trkpt lat="37.618640000000006" lon="-93.37402">
    <ele>297.74</ele>
   </trkpt>
   <trkpt lat="37.618500000000004" lon="-93.37403">
    <ele>296.99</ele>
   </trkpt>
   <trkpt lat="37.61833" lon="-93.37417">
    <ele>296.33000000000004</ele>
   </trkpt>
   <trkpt lat="37.61809" lon="-93.3747">
    <ele>295.97</ele>
   </trkpt>
   <trkpt lat="37.618050000000004" lon="-93.37484">
    <ele>295.93</ele>
   </trkpt>
   <trkpt lat="37.61804" lon="-93.37501">
    <ele>295.93</ele>
   </trkpt>
   <trkpt lat="37.618120000000005" lon="-93.3759">
    <ele>295.71000000000004</ele>
   </trkpt>
   <trkpt lat="37.618170000000006" lon="-93.37608">
    <ele>296.34000000000003</ele>
   </trkpt>
   <trkpt lat="37.61826000000001" lon="-93.37622">
    <ele>296.86</ele>
   </trkpt>
   <trkpt lat="37.61871" lon="-93.37672">
    <ele>300.64</ele>
   </trkpt>
   <trkpt lat="37.61882000000001" lon="-93.37693">
    <ele>301.31</ele>
   </trkpt>
   <trkpt lat="37.618880000000004" lon="-93.37716">
    <ele>301.59000000000003</ele>
   </trkpt>
   <trkpt lat="37.618880000000004" lon="-93.37783">
    <ele>301.96</ele>
   </trkpt>
   <trkpt lat="37.61883" lon="-93.37858000000001">
    <ele>304.05</ele>
   </trkpt>
   <trkpt lat="37.61876000530609" lon="-93.3793733348834">
    <ele>305.57</ele>
   </trkpt>
   <trkpt lat="37.618690005301126" lon="-93.380166668273">
    <ele>306.29</ele>
   </trkpt>
   <trkpt lat="37.61862" lon="-93.38096">
    <ele>306.48</ele>
   </trkpt>
   <trkpt lat="37.618590000000005" lon="-93.38178">
    <ele>307.17</ele>
   </trkpt>
   <trkpt lat="37.61860801409901" lon="-93.38269399911027">
    <ele>310.98</ele>
   </trkpt>
   <trkpt lat="37.61862602114847" lon="-93.38360799866335">
    <ele>312.87</ele>
   </trkpt>
   <trkpt lat="37.6186440211484" lon="-93.38452199865908">
    <ele>309.82000000000005</ele>
   </trkpt>
   <trkpt lat="37.61866201409876" lon="-93.38543599909727">
    <ele>307.00000000000006</ele>
   </trkpt>
   <trkpt lat="37.618680000000005" lon="-93.38635000000001">
    <ele>300.85</ele>
   </trkpt>
   <trkpt lat="37.618715011971446" lon="-93.38732249863155">
    <ele>297.07</ele>
   </trkpt>
   <trkpt lat="37.61875001596205" lon="-93.38829499817892">
    <ele>297.95000000000005</ele>
   </trkpt>
   <trkpt lat="37.618785011971816" lon="-93.38926749864187">
    <ele>300.51</ele>
   </trkpt>
   <trkpt lat="37.61882000000001" lon="-93.39024">
    <ele>303.26000000000005</ele>
   </trkpt>
   <trkpt lat="37.61884667614635" lon="-93.39129999916332">
    <ele>305.62</ele>
   </trkpt>
   <trkpt lat="37.618873342811106" lon="-93.39235999908716">
    <ele>310.16</ele>
   </trkpt>
   <trkpt lat="37.618900000000004" lon="-93.39342">
    <ele>315.02000000000004</ele>
   </trkpt>
   <trkpt lat="37.618970000000004" lon="-93.39408">
    <ele>316.82000000000005</ele>
   </trkpt>
   <trkpt lat="37.619" lon="-93.39518000000001">
    <ele>319.29</ele>
   </trkpt>
   <trkpt lat="37.61902717215153" lon="-93.39625571192617">
    <ele>321.36</ele>
   </trkpt>
   <trkpt lat="37.619054334538276" lon="-93.39733142463845">
    <ele>321.67</ele>
   </trkpt>
   <trkpt lat="37.61908148716021" lon="-93.39840713813659">
    <ele>322.14000000000004</ele>
   </trkpt>
   <trkpt lat="37.61910863001733" lon="-93.3994828524203">
    <ele>322.05</ele>
   </trkpt>
   <trkpt lat="37.61913576310959" lon="-93.40055856748933">
    <ele>322.41</ele>
   </trkpt>
   <trkpt lat="37.619162886437" lon="-93.40163428334334">
    <ele>323.51</ele>
   </trkpt>
   <trkpt lat="37.61919" lon="-93.40271000000001">
    <ele>324.31000000000006</ele>
   </trkpt>
   <trkpt lat="37.61920801510351" lon="-93.40365599907362">
    <ele>324.88</ele>
   </trkpt>
   <trkpt lat="37.619226022655184" lon="-93.40460199860556">
    <ele>324.76000000000005</ele>
   </trkpt>
   <trkpt lat="37.619244022654996" lon="-93.40554799859565">
    <ele>323.78000000000003</ele>
   </trkpt>
   <trkpt lat="37.619262015102954" lon="-93.4064939990437">
    <ele>323.75000000000006</ele>
   </trkpt>
   <trkpt lat="37.61928" lon="-93.40744000000001">
    <ele>322.88</ele>
   </trkpt>
   <trkpt lat="37.61927" lon="-93.40744000000001">
    <ele>322.86</ele>
   </trkpt>
   <trkpt lat="37.618480000065695" lon="-93.40744500005272">
    <ele>319.64000000000004</ele>
   </trkpt>
   <trkpt lat="37.61769" lon="-93.40745000000001">
    <ele>318.29</ele>
   </trkpt>
   <trkpt lat="37.617630000000005" lon="-93.40778">
    <ele>318.20000000000005</ele>
   </trkpt>
   <trkpt lat="37.617445001508" lon="-93.40839000172214">
    <ele>318.37000000000006</ele>
   </trkpt>
   <trkpt lat="37.61726" lon="-93.409">
    <ele>319.57</ele>
   </trkpt>
   <trkpt lat="37.616960007606" lon="-93.40995000769672">
    <ele>322.22</ele>
   </trkpt>
   <trkpt lat="37.616660007596224" lon="-93.41090000772752">
    <ele>325.12</ele>
   </trkpt>
   <trkpt lat="37.61636" lon="-93.41185">
    <ele>326.67</ele>
   </trkpt>
   <trkpt lat="37.61589" lon="-93.41162000000001">
    <ele>325.47</ele>
   </trkpt>
  </trkseg>
 </trk>
</gpx>
